OBJECTID,CB_Link_ID,Boro,the_geom,Community,Latitude,Longitude,Constructi,Link_Insta,Smallest_P,Street_Add,Orientatio,Boro_ID,Construc_1,Link_Site
1,LINK-000067,Bronx,POINT (-73.89305857941987 40.86020671121296),205,40.860215,-73.89306,Not Ready for CX,A - Link Live,116218,2461 Webster Ave,108 E,NY-BX,04/28/2016 12:00:00 AM +0000,bx-05-116218
2,LINK-000072,Bronx,POINT (-73.89802157715471 40.86134071064604),205,40.861349,-73.898023,Not Ready for CX,A - Link Live,119575,2437 Grand Concourse,100 E,NY-BX,06/27/2016 12:00:00 AM +0000,bx-05-119575
3,LINK-000074,Bronx,POINT (-73.89857957649994 40.86164671098548),205,40.861655,-73.898581,Not Ready for CX,A - Link Live,119587,150 E 188St,9 N,NY-BX,04/28/2016 12:00:00 AM +0000,bx-05-119587
4,LINK-000076,Bronx,POINT (-73.89855157737625 40.85914471095069),205,40.859153,-73.898553,Not Ready for CX,A - Link Live,119628,2366-2370 Grand Concourse,338 N,NY-BX,04/28/2016 12:00:00 AM +0000,bx-05-119628
5,LINK-000092,Manhattan,POINT (-73.98336255615456 40.76581973222473),105,40.765828,-73.983364,CX Complete / Link Installed,A - Link Live,122622,944 8 Avenue,335 NW,NY-MN,07/19/2016 12:00:00 AM +0000,mn-05-122622
6,LINK-000111,Manhattan,POINT (-73.98198855543154 40.76616673199865),105,40.766175,-73.98199,Not Ready for CX,A - Link Live,122522,250 West 57St,42 NE,NY-MN,05/26/2016 12:00:00 AM +0000,mn-05-122522
7,LINK-000130,Manhattan,POINT (-73.9883975553255 40.746615735854895),105,40.746624,-73.988399,Not Ready for CX,A - Link Live,122180,1216 Broadway,227 SW,NY-MN,04/10/2016 12:00:00 AM +0000,mn-05-122180
8,LINK-000141,Manhattan,POINT (-73.98800455532746 40.749654735680735),105,40.749663,-73.988006,Not Ready for CX,A - Link Live,122369,1293 Broadway,99 E,NY-MN,04/28/2016 12:00:00 AM +0000,mn-05-122369
9,LINK-000155,Manhattan,POINT (-73.9869395545788 40.7544857348201),105,40.754494,-73.986941,Not Ready for CX,A - Link Live,122169,1431 Broadway,112 E,NY-MN,07/22/2016 12:00:00 AM +0000,mn-05-122169
10,LINK-000158,Manhattan,POINT (-73.9863615554171 40.75483773482042),105,40.754846,-73.986363,Not Ready for CX,A - Link Live,122171,1450 Broadway,4 N,NY-MN,07/22/2016 12:00:00 AM +0000,mn-05-122171
11,LINK-000162,Manhattan,POINT (-73.98453955447101 40.760404733603025),105,40.760413,-73.984541,Not Ready for CX,A - Link Live,133361,1600 Broadway,296 NW,NY-MN,05/14/2016 12:00:00 AM +0000,mn-05-133361
12,LINK-000163,Manhattan,POINT (-73.98486555468314 40.76026073397191),105,40.760269,-73.984867,Not Ready for CX,A - Link Live,134185,1605 Broadway,147 SE,NY-MN,05/14/2016 12:00:00 AM +0000,mn-05-134185
13,LINK-000164,Manhattan,POINT (-73.98441855554798 40.76063773277379),105,40.760646,-73.98442,Not Ready for CX,A - Link Live,122088,1606 Broadway,316 NW,NY-MN,04/30/2016 12:00:00 AM +0000,mn-05-122088
14,LINK-000165,Manhattan,POINT (-73.98423255601392 40.760613733333024),105,40.760622,-73.984234,Not Ready for CX,A - Link Live,133511,1606 Broadway,5 N,NY-MN,04/30/2016 12:00:00 AM +0000,mn-05-133511
15,LINK-000166,Manhattan,POINT (-73.98464055452644 40.76071173273394),105,40.76072,-73.984642,Not Ready for CX,A - Link Live,134155,1611 Broadway,101 E,NY-MN,05/26/2016 12:00:00 AM +0000,mn-05-134155
16,LINK-000168,Manhattan,POINT (-73.9842765560436 40.760874732588576),105,40.760883,-73.984278,Not Ready for CX,A - Link Live,133508,1626 Broadway,341 N,NY-MN,05/26/2016 12:00:00 AM +0000,mn-05-133508
17,LINK-000177,Manhattan,POINT (-73.98263655653724 40.7639727327555),105,40.763981,-73.982638,Not Ready for CX,A - Link Live,122541,1701 Broadway,99 E,NY-MN,04/30/2016 12:00:00 AM +0000,mn-05-122541
18,LINK-000178,Manhattan,POINT (-73.98230855611402 40.76411873292033),105,40.764127,-73.98231,Not Ready for CX,A - Link Live,122529,1710 Broadway,306 NW,NY-MN,04/15/2016 12:00:00 AM +0000,mn-05-122529
19,LINK-000180,Manhattan,POINT (-73.98238355591701 40.764667733133926),105,40.764676,-73.982385,Not Ready for CX,A - Link Live,122532,1725 Broadway,107 E,NY-MN,05/14/2016 12:00:00 AM +0000,mn-05-122532
20,LINK-000185,Manhattan,POINT (-73.98777955444014 40.75007873598759),105,40.750087,-73.987781,Not Ready for CX,A - Link Live,122775,Herald Square,277 W,NY-MN,04/28/2016 12:00:00 AM +0000,mn-05-122775
21,LINK-000223,Manhattan,POINT (-73.98716055554023 40.7330987392186),103,40.733107,-73.987162,Not Ready for CX,A - Link Live,123265,123 3Rd Ave,309 NW,NY-MN,11/21/2015 12:00:00 AM +0000,mn-03-123265
22,LINK-000224,Manhattan,POINT (-73.9870425557709 40.73368573930659),106,40.733694,-73.987044,Not Ready for CX,A - Link Live,136486,130 3Rd Ave,135 SE,NY-MN,01/22/2016 12:00:00 AM +0000,mn-06-136486
23,LINK-000225,Manhattan,POINT (-73.98738255551471 40.733461738760404),106,40.73347,-73.987384,Not Ready for CX,A - Link Live,123261,133 East 14Th St,197 S,NY-MN,06/29/2016 12:00:00 AM +0000,mn-06-123261
24,LINK-000227,Manhattan,POINT (-73.98667355603529 40.73378573913629),106,40.733794,-73.986675,Not Ready for CX,A - Link Live,133896,141 3Rd Ave,312 NW,NY-MN,11/12/2015 12:00:00 AM +0000,mn-06-133896
25,LINK-000230,Manhattan,POINT (-73.98617855664398 40.73449073892525),106,40.734499,-73.98618,Not Ready for CX,A - Link Live,133339,165 3Rd Ave,300 NW,NY-MN,11/17/2015 12:00:00 AM +0000,mn-06-133339
26,LINK-000231,Manhattan,POINT (-73.9806265574425 40.74261673659963),106,40.742625,-73.980628,Not Ready for CX,A - Link Live,121495,154 E 29Th St,1 N,NY-MN,04/21/2016 12:00:00 AM +0000,mn-06-121495
27,LINK-000232,Manhattan,POINT (-73.97635155949496 40.74837873630009),106,40.748387,-73.976353,Not Ready for CX,A - Link Live,121521,155 East 38Th Street,83 E,NY-MN,02/12/2016 12:00:00 AM +0000,mn-06-121521
28,LINK-000233,Manhattan,POINT (-73.97651455926757 40.748281735603776),106,40.74829,-73.976516,Not Ready for CX,A - Link Live,136202,160 East 38Th Street,36 NE,NY-MN,02/01/2016 12:00:00 AM +0000,mn-06-136202
29,LINK-000235,Manhattan,POINT (-73.96913056142031 40.75826773323992),106,40.758276,-73.969132,Not Ready for CX,A - Link Live,134118,160 East 54Th,114 SE,NY-MN,02/03/2016 12:00:00 AM +0000,mn-06-134118
30,LINK-000240,Manhattan,POINT (-73.98288755668341 40.73952273792698),106,40.739531,-73.982889,Not Ready for CX,A - Link Live,121489,172 E 24Th St,7 N,NY-MN,04/21/2016 12:00:00 AM +0000,mn-06-121489
31,LINK-000241,Manhattan,POINT (-73.98626355613027 40.73476373897592),106,40.734772,-73.986265,Not Ready for CX,A - Link Live,133531,180 3Rd Ave,115 SE,NY-MN,11/21/2015 12:00:00 AM +0000,mn-06-133531
32,LINK-000242,Manhattan,POINT (-73.98584855752273 40.73534173824129),106,40.73535,-73.98585,Not Ready for CX,A - Link Live,133521,188 3Rd Ave,108 E,NY-MN,11/18/2015 12:00:00 AM +0000,mn-06-133521
33,LINK-000243,Manhattan,POINT (-73.98532055657613 40.7356177381299),106,40.735626,-73.985322,Not Ready for CX,A - Link Live,123634,203 3Rd Ave,305 NW,NY-MN,11/21/2015 12:00:00 AM +0000,mn-06-123634
34,LINK-000251,Manhattan,POINT (-73.97407755954369 40.75072073519557),106,40.750729,-73.974079,Not Ready for CX,A - Link Live,137072,201 East 42Nd St,229 SW,NY-MN,11/16/2015 12:00:00 AM +0000,mn-06-137072
35,LINK-000252,Manhattan,POINT (-73.96717556101025 40.76019873330453),106,40.760207,-73.967177,Not Ready for CX,A - Link Live,134218,201 East 57Th Street,220 SW,NY-MN,04/21/2016 12:00:00 AM +0000,mn-06-134218
36,LINK-000253,Manhattan,POINT (-73.98489855743087 40.736205737653265),106,40.736214,-73.9849,Not Ready for CX,A - Link Live,133527,205 3Rd Ave,301 NW,NY-MN,05/11/2016 12:00:00 AM +0000,mn-06-133527
37,LINK-000254,Manhattan,POINT (-73.98516955654411 40.735830738404744),106,40.735839,-73.985171,Not Ready for CX,A - Link Live,133890,205 3Rd Ave,284 W,NY-MN,01/26/2016 12:00:00 AM +0000,mn-06-133890
38,LINK-000256,Manhattan,POINT (-73.98512755660079 40.73632573759733),106,40.736334,-73.985129,Not Ready for CX,A - Link Live,133525,220 3Rd Ave,103 E,NY-MN,04/07/2016 12:00:00 AM +0000,mn-06-133525
39,LINK-000257,Manhattan,POINT (-73.98474955663046 40.73641873762241),106,40.736427,-73.984751,Not Ready for CX,A - Link Live,133440,233 3Rd Ave,315 NW,NY-MN,01/26/2016 12:00:00 AM +0000,mn-06-133440
40,LINK-000258,Manhattan,POINT (-73.98448455682662 40.73678073783274),106,40.736789,-73.984486,Not Ready for CX,A - Link Live,123822,243 3Rd Ave,315 NW,NY-MN,01/26/2016 12:00:00 AM +0000,mn-06-123822
41,LINK-000266,Manhattan,POINT (-73.9824225564652 40.74003273683663),106,40.740041,-73.982424,Not Ready for CX,A - Link Live,121501,336 3rd Ave,109 E,NY-MN,01/26/2016 12:00:00 AM +0000,mn-06-121501
42,LINK-000267,Manhattan,POINT (-73.98204155848696 40.73995573691457),106,40.739964,-73.982043,Not Ready for CX,A - Link Live,103457,337 3Rd Ave On E25Th St,21 N,NY-MN,06/27/2016 12:00:00 AM +0000,mn-06-103457
43,LINK-000269,Manhattan,POINT (-73.98238155729896 40.740237737350114),106,40.740246,-73.982383,Not Ready for CX,A - Link Live,138462,340 3Rd Ave,209 SW,NY-MN,04/21/2016 12:00:00 AM +0000,mn-06-138462
44,LINK-000272,Manhattan,POINT (-73.981727557448 40.74056473658467),106,40.740573,-73.981729,Not Ready for CX,A - Link Live,121539,355 3Rd Ave,300 NW,NY-MN,11/12/2015 12:00:00 AM +0000,mn-06-121539
45,LINK-000273,Manhattan,POINT (-73.98157455820912 40.74076673739247),106,40.740775,-73.981576,Not Ready for CX,A - Link Live,121499,359 3Rd Ave,315 NW,NY-MN,11/14/2015 12:00:00 AM +0000,mn-06-121499
46,LINK-000276,Manhattan,POINT (-73.9812955585054 40.74116073723487),106,40.741169,-73.981297,Not Ready for CX,A - Link Live,121498,371 3Rd Ave,332 NW,NY-MN,01/22/2016 12:00:00 AM +0000,mn-06-121498
47,LINK-000278,Manhattan,POINT (-73.98067855800856 40.74199873730372),106,40.742007,-73.98068,Not Ready for CX,A - Link Live,121496,395 3Rd Ave,304 NW,NY-MN,04/21/2016 12:00:00 AM +0000,mn-06-121496
48,LINK-000284,Manhattan,POINT (-73.97981155758833 40.74308473684459),106,40.743093,-73.979813,Not Ready for CX,A - Link Live,121506,429 3Rd Ave,9 N,NY-MN,05/11/2016 12:00:00 AM +0000,mn-06-121506
49,LINK-000286,Manhattan,POINT (-73.97965055839646 40.743945737115304),106,40.743954,-73.979652,Not Ready for CX,A - Link Live,121505,450 3Rd Ave,179 S,NY-MN,04/21/2016 12:00:00 AM +0000,mn-06-121505
50,LINK-000287,Manhattan,POINT (-73.97931455826199 40.743867736596826),106,40.743876,-73.979316,Not Ready for CX,A - Link Live,133465,451 3Rd Ave,291 W,NY-MN,11/21/2015 12:00:00 AM +0000,mn-06-133465
51,LINK-000292,Manhattan,POINT (-73.9784145576035 40.74510773576189),106,40.745116,-73.978416,Not Ready for CX,A - Link Live,121502,489 3Rd Ave,328 NW,NY-MN,02/02/2016 12:00:00 AM +0000,mn-06-121502
52,LINK-000297,Manhattan,POINT (-73.97744255915266 40.746440735921524),106,40.746449,-73.977444,Not Ready for CX,A - Link Live,121513,525 3Rd Ave,348 N,NY-MN,02/04/2016 12:00:00 AM +0000,mn-06-121513
53,LINK-000298,Manhattan,POINT (-73.97769355905052 40.74653373598201),106,40.746542,-73.977695,Not Ready for CX,A - Link Live,121512,528 3Rd Ave,101 E,NY-MN,11/12/2015 12:00:00 AM +0000,mn-06-121512
54,LINK-000302,Manhattan,POINT (-73.97696355846637 40.747663735892175),106,40.747672,-73.976965,Not Ready for CX,A - Link Live,138165,558 East 37Th St,6 N,NY-MN,05/11/2016 12:00:00 AM +0000,mn-06-138165
55,LINK-000303,Manhattan,POINT (-73.97678055941739 40.747781735710184),106,40.74779,-73.976782,Not Ready for CX,A - Link Live,121522,560 3Rd Ave,139 SE,NY-MN,11/14/2015 12:00:00 AM +0000,mn-06-121522
56,LINK-000304,Manhattan,POINT (-73.97610355912438 40.74828073615345),106,40.748289,-73.976105,Not Ready for CX,A - Link Live,121352,581B 3Rd Ave,335 NW,NY-MN,11/12/2015 12:00:00 AM +0000,mn-06-121352
57,LINK-000306,Manhattan,POINT (-73.97603255853785 40.748813734616206),106,40.748822,-73.976034,Not Ready for CX,A - Link Live,121519,596 3Rd Ave,153 SE,NY-MN,03/15/2016 12:00:00 AM +0000,mn-06-121519
58,LINK-000308,Manhattan,POINT (-73.97535855921406 40.74872373538941),106,40.748732,-73.97536,Not Ready for CX,A - Link Live,138030,605 3Rd Ave,238 SW,NY-MN,05/11/2016 12:00:00 AM +0000,mn-06-138030
59,LINK-000310,Manhattan,POINT (-73.97564655857376 40.74890573490589),106,40.748914,-73.975648,Not Ready for CX,A - Link Live,121364,605 3Rd Ave,336 NW,NY-MN,11/16/2015 12:00:00 AM +0000,mn-06-121364
60,LINK-000313,Manhattan,POINT (-73.9747395589045 40.7501477345529),106,40.750156,-73.974741,Not Ready for CX,A - Link Live,121527,639 3Rd Ave,326 NW,NY-MN,06/10/2016 12:00:00 AM +0000,mn-06-121527
61,LINK-000315,Manhattan,POINT (-73.97485655906871 40.750380734554156),106,40.750389,-73.974858,Not Ready for CX,A - Link Live,137977,640 3Rd Ave,106 E,NY-MN,12/01/2015 12:00:00 AM +0000,mn-06-137977
62,LINK-000316,Manhattan,POINT (-73.9744665590638 40.75095173520796),106,40.75096,-73.974468,Not Ready for CX,A - Link Live,121362,666 3Rd Ave,123 SE,NY-MN,11/12/2015 12:00:00 AM +0000,mn-06-121362
63,LINK-000317,Manhattan,POINT (-73.97414155882296 40.7513977345849),106,40.751406,-73.974143,Not Ready for CX,A - Link Live,121536,666 3Rd Ave,70 E,NY-MN,02/04/2016 12:00:00 AM +0000,mn-06-121536
64,LINK-000320,Manhattan,POINT (-73.97376355941951 40.751488735270975),106,40.751497,-73.973765,Not Ready for CX,A - Link Live,121535,685 3Rd Ave,317 NW,NY-MN,07/14/2016 12:00:00 AM +0000,mn-06-121535
65,LINK-000327,Manhattan,POINT (-73.97284056039386 40.75265773529336),106,40.752666,-73.972842,Not Ready for CX,A - Link Live,121358,721 3Rd Ave E45St,214 SW,NY-MN,12/01/2015 12:00:00 AM +0000,mn-06-121358
66,LINK-000328,Manhattan,POINT (-73.97244356017768 40.75318773535149),106,40.753196,-73.972445,Not Ready for CX,A - Link Live,121370,733 3Rd Ave,17 N,NY-MN,12/21/2015 12:00:00 AM +0000,mn-06-121370
67,LINK-000331,Manhattan,POINT (-73.97232455946337 40.75389073420895),106,40.753899,-73.972326,Not Ready for CX,A - Link Live,121816,750 3Rd Ave,78 E,NY-MN,11/21/2015 12:00:00 AM +0000,mn-06-121816
68,LINK-000333,Manhattan,POINT (-73.97217856018825 40.75408373409871),106,40.754092,-73.97218,Not Ready for CX,A - Link Live,133473,760 3Rd Ave,107 E,NY-MN,02/05/2016 12:00:00 AM +0000,mn-06-133473
69,LINK-000334,Manhattan,POINT (-73.97187755991672 40.75450473375631),106,40.754513,-73.971879,Not Ready for CX,A - Link Live,121813,768 3Rd Ave,100 E,NY-MN,01/27/2016 12:00:00 AM +0000,mn-06-121813
70,LINK-000335,Manhattan,POINT (-73.9710225601165 40.75522173386463),106,40.75523,-73.971024,Not Ready for CX,A - Link Live,121824,797 3Rd Ave,316 NW,NY-MN,11/12/2015 12:00:00 AM +0000,mn-06-121824
71,LINK-000336,Manhattan,POINT (-73.97103055995258 40.755865734040235),106,40.755874,-73.971032,Not Ready for CX,A - Link Live,121820,800 3Rd Ave,2 N,NY-MN,05/11/2016 12:00:00 AM +0000,mn-06-121820
72,LINK-000337,Manhattan,POINT (-73.9712635596504 40.755353733576214),106,40.755362,-73.971265,Not Ready for CX,A - Link Live,121822,800 3Rd Ave,102 E,NY-MN,11/19/2015 12:00:00 AM +0000,mn-06-121822
73,LINK-000338,Manhattan,POINT (-73.97014355963945 40.75631573405951),106,40.756324,-73.970145,Not Ready for CX,A - Link Live,121831,835 3Rd Ave,109 E,NY-MN,04/28/2016 12:00:00 AM +0000,mn-06-121831
74,LINK-000339,Manhattan,POINT (-73.97010555948661 40.75649473382937),106,40.756503,-73.970107,Not Ready for CX,A - Link Live,133472,845 3Rd Ave,324 NW,NY-MN,02/04/2016 12:00:00 AM +0000,mn-06-133472
75,LINK-000340,Manhattan,POINT (-73.96981156047897 40.756901734113335),106,40.75691,-73.969813,Not Ready for CX,A - Link Live,133477,845 3Rd Avenue,244 SW,NY-MN,03/01/2016 12:00:00 AM +0000,mn-06-133477
76,LINK-000349,Manhattan,POINT (-73.96898556143992 40.75850973290923),106,40.758518,-73.968987,Not Ready for CX,A - Link Live,135879,900 3Rd Ave,87 E,NY-MN,11/21/2015 12:00:00 AM +0000,mn-06-135879
77,LINK-000350,Manhattan,POINT (-73.96872556115571 40.75898473297412),106,40.758993,-73.968727,Not Ready for CX,A - Link Live,121842,906 3Rd Ave,1 N,NY-MN,05/23/2016 12:00:00 AM +0000,mn-06-121842
78,LINK-000351,Manhattan,POINT (-73.9687075608461 40.7583887334257),106,40.758397,-73.968709,Not Ready for CX,A - Link Live,121836,909 3Rd Avenue,149 SE,NY-MN,02/12/2016 12:00:00 AM +0000,mn-06-121836
79,LINK-000352,Manhattan,POINT (-73.96840856131914 40.758808732853645),106,40.758817,-73.96841,Not Ready for CX,A - Link Live,121854,909 3Rd Avenue,313 NW,NY-MN,02/12/2016 12:00:00 AM +0000,mn-06-121854
80,LINK-000355,Manhattan,POINT (-73.96824056046323 40.75960173334424),106,40.75961,-73.968242,Not Ready for CX,A - Link Live,121850,930 3Rd Ave,12 N,NY-MN,06/10/2016 12:00:00 AM +0000,mn-06-121850
81,LINK-000357,Manhattan,POINT (-73.9680465605508 40.75974773256546),106,40.759756,-73.968048,Not Ready for CX,A - Link Live,136181,936 3Rd Ave,96 E,NY-MN,02/19/2016 12:00:00 AM +0000,mn-06-136181
82,LINK-000359,Manhattan,POINT (-73.96759056075015 40.75999473339966),106,40.760003,-73.967592,Not Ready for CX,A - Link Live,133436,939 3Rd Avenue,309 NW,NY-MN,02/15/2016 12:00:00 AM +0000,mn-06-133436
83,LINK-000360,Manhattan,POINT (-73.96782456047441 40.759622732943456),106,40.759631,-73.967826,Not Ready for CX,A - Link Live,121849,949 3Rd Avenue,325 NW,NY-MN,02/15/2016 12:00:00 AM +0000,mn-06-121849
84,LINK-000361,Manhattan,POINT (-73.9677755606984 40.7601277331112),106,40.760136,-73.967777,Not Ready for CX,A - Link Live,121733,950 3Rd Ave,106 E,NY-MN,02/19/2016 12:00:00 AM +0000,mn-06-121733
85,LINK-000362,Manhattan,POINT (-73.96730156122916 40.76033773321932),106,40.760346,-73.967303,Not Ready for CX,A - Link Live,121857,953 3Rd Avenue,317 NW,NY-MN,05/31/2016 12:00:00 AM +0000,mn-06-121857
86,LINK-000363,Manhattan,POINT (-73.96754956109417 40.76045373341413),106,40.760462,-73.967551,Not Ready for CX,A - Link Live,138438,954 3Rd Ave,146 SE,NY-MN,02/19/2016 12:00:00 AM +0000,mn-06-138438
87,LINK-000369,Manhattan,POINT (-73.96638656073117 40.761595733248356),108,40.761604,-73.966388,Not Ready for CX,A - Link Live,121734,991 3Rd Ave,44 NE,NY-MN,02/20/2016 12:00:00 AM +0000,mn-08-121734
88,LINK-000447,Manhattan,POINT (-74.00259555118919 40.73943373840118),102,40.739442,-74.002597,Not Ready for CX,A - Link Live,128511,74 8 AVENUE,292 W,NY-MN,03/10/2016 12:00:00 AM +0000,mn-02-128511
89,LINK-000453,Manhattan,POINT (-74.00093855145828 40.74228873795509),104,40.742297,-74.00094,Not Ready for CX,A - Link Live,108537,159 8 Avenue,357 N,NY-MN,03/17/2016 12:00:00 AM +0000,mn-04-108537
90,LINK-000458,Manhattan,POINT (-73.98224555591044 40.76726273182558),105,40.767271,-73.982247,Not Ready for CX,A - Link Live,122628,1775 Broadway,12 N,NY-MN,03/02/2016 12:00:00 AM +0000,mn-05-122628
91,LINK-000462,Manhattan,POINT (-73.99990055193228 40.743573737129616),104,40.743582,-73.999902,Not Ready for CX,A - Link Live,123508,199 8 Avenue,43 NE,NY-MN,03/17/2016 12:00:00 AM +0000,mn-04-123508
92,LINK-000464,Manhattan,POINT (-73.99940355155178 40.74425473665272),104,40.744263,-73.999405,Not Ready for CX,A - Link Live,107977,221 8 Avenue,76 E,NY-MN,03/15/2016 12:00:00 AM +0000,mn-04-107977
93,LINK-000465,Manhattan,POINT (-73.9989915519943 40.74439473735931),104,40.744403,-73.998993,Not Ready for CX,A - Link Live,123501,232 8 Avenue,318 NW,NY-MN,03/07/2016 12:00:00 AM +0000,mn-04-123501
94,LINK-000466,Manhattan,POINT (-73.99916955183997 40.74458073663312),104,40.744589,-73.999171,Not Ready for CX,A - Link Live,108002,233 8 Avenue,60 NE,NY-MN,03/15/2016 12:00:00 AM +0000,mn-04-108002
95,LINK-000468,Manhattan,POINT (-73.9987345523295 40.74474173696125),104,40.74475,-73.998736,Not Ready for CX,A - Link Live,108509,238 8 Avenue,309 NW,NY-MN,03/15/2016 12:00:00 AM +0000,mn-04-108509
96,LINK-000469,Manhattan,POINT (-73.9964325515434 40.74789673635185),105,40.747905,-73.996434,Not Ready for CX,A - Link Live,137326,243 West 27Th St,327 NW,NY-MN,05/31/2016 12:00:00 AM +0000,mn-05-137326
97,LINK-000472,Manhattan,POINT (-73.98505955448174 40.76341573330275),105,40.763424,-73.985061,Not Ready for CX,A - Link Live,139276,260 West 52St,19 N,NY-MN,03/03/2016 12:00:00 AM +0000,mn-05-139276
98,LINK-000473,Manhattan,POINT (-73.99861655234466 40.7454367366916),104,40.745445,-73.998618,Not Ready for CX,A - Link Live,123646,261 West 23St,199 S,NY-MN,05/17/2016 12:00:00 AM +0000,mn-04-123646
99,LINK-000475,Manhattan,POINT (-73.98940755451571 40.75753573363937),105,40.757544,-73.989409,Not Ready for CX,A - Link Live,107818,670 8 AVENUE,321 NW,NY-MN,03/11/2016 12:00:00 AM +0000,mn-05-107818
100,LINK-000480,Manhattan,POINT (-73.98925055348232 40.75774473440629),105,40.757753,-73.989252,Not Ready for CX,A - Link Live,121354,270 West 43St,326 NW,NY-MN,03/10/2016 12:00:00 AM +0000,mn-05-121354
101,LINK-000483,Manhattan,POINT (-73.99775155218761 40.74592073720522),104,40.745929,-73.997753,Not Ready for CX,A - Link Live,139167,282 8 Avenue,245 SW,NY-MN,03/08/2016 12:00:00 AM +0000,mn-04-139167
102,LINK-000484,Manhattan,POINT (-73.98309955563067 40.766633732317594),104,40.766642,-73.983101,Not Ready for CX,A - Link Live,122503,300 West 57Th St,98 E,NY-MN,03/04/2016 12:00:00 AM +0000,mn-04-122503
103,LINK-000486,Manhattan,POINT (-73.9831485564673 40.766938732019575),104,40.766947,-73.98315,Not Ready for CX,A - Link Live,133373,301 West 57Th St,200 S,NY-MN,07/11/2016 12:00:00 AM +0000,mn-04-133373
104,LINK-000487,Manhattan,POINT (-73.98285355562973 40.766955732329095),104,40.766964,-73.982855,Not Ready for CX,A - Link Live,122621,302 West 57Th St,118 SE,NY-MN,07/14/2016 12:00:00 AM +0000,mn-04-122621
105,LINK-000489,Manhattan,POINT (-73.99233955313896 40.754129734719506),104,40.754138,-73.992341,Not Ready for CX,A - Link Live,122567,302 West 37St,7 N,NY-MN,03/03/2016 12:00:00 AM +0000,mn-04-122567
106,LINK-000493,Manhattan,POINT (-73.99713455204113 40.747372736947185),104,40.747381,-73.997136,Not Ready for CX,A - Link Live,123656,327 8 Avenue,104 E,NY-MN,04/11/2016 12:00:00 AM +0000,mn-04-123656
107,LINK-000496,Manhattan,POINT (-73.9955515524895 40.74911373617077),105,40.749122,-73.995553,Not Ready for CX,A - Link Live,136213,382 8 Avenue,344 N,NY-MN,03/15/2016 12:00:00 AM +0000,mn-05-136213
108,LINK-000498,Manhattan,POINT (-73.9825745555181 40.76735473158743),104,40.767363,-73.982576,Not Ready for CX,A - Link Live,144139,4 Columbus Circle,126 SE,NY-MN,07/19/2016 12:00:00 AM +0000,mn-04-144139
109,LINK-000501,Manhattan,POINT (-73.99552355344177 40.749819736321854),104,40.749828,-73.995525,Not Ready for CX,A - Link Live,108137,403 8Th Av,213 SW,NY-MN,04/07/2016 12:00:00 AM +0000,mn-04-108137
110,LINK-000503,Manhattan,POINT (-73.99505755356216 40.750221735550376),104,40.75023,-73.995059,Not Ready for CX,A - Link Live,122691,413 8 Avenue,37 NE,NY-MN,03/15/2016 12:00:00 AM +0000,mn-04-122691
111,LINK-000505,Manhattan,POINT (-73.99275455345739 40.752700734940404),105,40.752709,-73.992756,Not Ready for CX,A - Link Live,108471,494 8 Avenue,13 N,NY-MN,04/11/2016 12:00:00 AM +0000,mn-05-108471
112,LINK-000508,Manhattan,POINT (-73.99276055352895 40.75294073536996),105,40.752949,-73.992762,Not Ready for CX,A - Link Live,122305,500 8 Avenue,310 NW,NY-MN,04/11/2016 12:00:00 AM +0000,mn-05-122305
113,LINK-000511,Manhattan,POINT (-73.99272955308457 40.75342173485929),104,40.75343,-73.992731,Not Ready for CX,A - Link Live,122068,519 8 Avenue,28 NE,NY-MN,03/14/2016 12:00:00 AM +0000,mn-04-122068
114,LINK-000513,Manhattan,POINT (-73.99256355309011 40.753634735239395),104,40.753643,-73.992565,Not Ready for CX,A - Link Live,108109,523 8 Avenue,100 E,NY-MN,03/14/2016 12:00:00 AM +0000,mn-04-108109
115,LINK-000516,Manhattan,POINT (-73.9918695534885 40.754162734845195),105,40.754171,-73.991871,Not Ready for CX,A - Link Live,108433,550 8 Avenue,334 NW,NY-MN,03/10/2016 12:00:00 AM +0000,mn-05-108433
116,LINK-000518,Manhattan,POINT (-73.99181955326304 40.75465973464283),104,40.754668,-73.991821,Not Ready for CX,A - Link Live,122565,557 8 Avenue,125 SE,NY-MN,03/29/2016 12:00:00 AM +0000,mn-04-122565
117,LINK-000522,Manhattan,POINT (-73.9913745541776 40.755274734712486),104,40.755283,-73.991376,Not Ready for CX,A - Link Live,122078,589 8 Avenue,78 E,NY-MN,03/03/2016 12:00:00 AM +0000,mn-04-122078
118,LINK-000524,Manhattan,POINT (-73.99142355443023 40.75549173492756),104,40.7555,-73.991425,Not Ready for CX,A - Link Live,136982,601 8 Avenue,203 S,NY-MN,03/14/2016 12:00:00 AM +0000,mn-04-136982
119,LINK-000525,Manhattan,POINT (-73.99093355445765 40.755870735365285),104,40.755879,-73.990935,Not Ready for CX,A - Link Live,122075,615 8 Avenue,71 E,NY-MN,03/10/2016 12:00:00 AM +0000,mn-04-122075
120,LINK-000527,Manhattan,POINT (-73.98890355417304 40.758659734255446),104,40.758668,-73.988905,Not Ready for CX,A - Link Live,142001,701 8 Avenue,85 E,NY-MN,03/05/2016 12:00:00 AM +0000,mn-04-142001
121,LINK-000528,Manhattan,POINT (-73.98878055429753 40.75882373398906),104,40.758832,-73.988782,Not Ready for CX,A - Link Live,108485,705 8 Avenue,35 NE,NY-MN,03/05/2016 12:00:00 AM +0000,mn-04-108485
122,LINK-000529,Manhattan,POINT (-73.98858355343555 40.75910073422647),104,40.759109,-73.988585,Not Ready for CX,A - Link Live,122583,713 8 Avenue,57 NE,NY-MN,03/05/2016 12:00:00 AM +0000,mn-04-122583
123,LINK-000531,Manhattan,POINT (-73.9881845541299 40.75921273389867),105,40.759221,-73.988186,Not Ready for CX,A - Link Live,122092,724 8 Avenue,310 NW,NY-MN,03/10/2016 12:00:00 AM +0000,mn-05-122092
124,LINK-000532,Manhattan,POINT (-74.00274655153554 40.73966373797188),102,40.739672,-74.002748,Not Ready for CX,A - Link Live,123540,75 8 Avenue,195 S,NY-MN,03/08/2016 12:00:00 AM +0000,mn-02-123540
125,LINK-000533,Manhattan,POINT (-73.98725255506628 40.76106173259446),104,40.76107,-73.987254,Not Ready for CX,A - Link Live,108148,787 8 Avenue,28 NE,NY-MN,03/03/2016 12:00:00 AM +0000,mn-04-108148
126,LINK-000535,Manhattan,POINT (-73.98682655469021 40.76108573264285),105,40.761094,-73.986828,CX Complete / Link Installed,A - Link Live,122586,790 8 Avenue,298 NW,NY-MN,03/14/2016 12:00:00 AM +0000,mn-05-122586
127,LINK-000537,Manhattan,POINT (-74.00230355082427 40.73983773829792),104,40.739846,-74.002305,Not Ready for CX,A - Link Live,122299,80 8 Avenue,324 NW,NY-MN,03/25/2016 12:00:00 AM +0000,mn-04-122299
128,LINK-000538,Manhattan,POINT (-74.00221255147164 40.73971373842941),104,40.739722,-74.002214,Not Ready for CX,A - Link Live,123541,80 8 Avenue,286 W,NY-MN,03/08/2016 12:00:00 AM +0000,mn-04-123541
129,LINK-000539,Manhattan,POINT (-73.98629355444814 40.762238733095124),104,40.762247,-73.986295,Not Ready for CX,A - Link Live,122595,825 8 Avenue,69 E,NY-MN,03/03/2016 12:00:00 AM +0000,mn-04-122595
130,LINK-000540,Manhattan,POINT (-73.98605055513801 40.762142732673695),105,40.762151,-73.986052,Not Ready for CX,A - Link Live,139462,828 8 Avenue,267 W,NY-MN,03/03/2016 12:00:00 AM +0000,mn-05-139462
131,LINK-000541,Manhattan,POINT (-73.98592155521965 40.76232273320996),105,40.762331,-73.985923,CX Complete / Link Installed,A - Link Live,122593,830 8 Avenue,321 NW,NY-MN,04/10/2016 12:00:00 AM +0000,mn-05-122593
132,LINK-000549,Manhattan,POINT (-73.98476555482956 40.764329732640284),104,40.764338,-73.984767,Not Ready for CX,A - Link Live,122620,891 8 Avenue,22 NE,NY-MN,04/07/2016 12:00:00 AM +0000,mn-04-122620
133,LINK-000550,Manhattan,POINT (-73.98422755521433 40.764637732595006),105,40.764646,-73.984229,Not Ready for CX,A - Link Live,122615,900 8 Avenue,308 NW,NY-MN,03/03/2016 12:00:00 AM +0000,mn-05-122615
134,LINK-000551,Manhattan,POINT (-73.98454255493827 40.764203733217656),105,40.764212,-73.984544,Not Ready for CX,A - Link Live,139461,900 8 Avenue,286 W,NY-MN,04/07/2016 12:00:00 AM +0000,mn-05-139461
135,LINK-000552,Manhattan,POINT (-73.98446855540122 40.76473573297334),104,40.764744,-73.98447,Not Ready for CX,A - Link Live,139460,907 8 Avenue,99 E,NY-MN,03/02/2016 12:00:00 AM +0000,mn-04-139460
136,LINK-000553,Manhattan,POINT (-73.98409755493616 40.76481473310901),105,40.764823,-73.984099,Not Ready for CX,A - Link Live,122619,910 8 Avenue,328 NW,NY-MN,03/03/2016 12:00:00 AM +0000,mn-05-122619
137,LINK-000554,Manhattan,POINT (-73.98433455526592 40.76492573288892),104,40.764934,-73.984336,Not Ready for CX,A - Link Live,122616,911 8 Avenue,88 E,NY-MN,03/03/2016 12:00:00 AM +0000,mn-04-122616
138,LINK-000555,Manhattan,POINT (-73.98359155443495 40.765513732409104),105,40.765522,-73.983593,Not Ready for CX,A - Link Live,122627,932 8 Avenue,285 W,NY-MN,03/14/2016 12:00:00 AM +0000,mn-05-122627
139,LINK-000556,Manhattan,POINT (-73.98385155467705 40.76559573211309),104,40.765604,-73.983853,Not Ready for CX,A - Link Live,122625,933 8 Avenue,128 SE,NY-MN,03/14/2016 12:00:00 AM +0000,mn-04-122625
140,LINK-000558,Manhattan,POINT (-73.98354755445524 40.766003731736525),104,40.766012,-73.983549,Not Ready for CX,A - Link Live,122623,947 8 Avenue,221 SW,NY-MN,03/04/2016 12:00:00 AM +0000,mn-04-122623
141,LINK-000560,Manhattan,POINT (-73.98752755487442 40.76056073366268),104,40.760569,-73.987529,Not Ready for CX,A - Link Live,139205,771 8 Avenue,49 NE,NY-MN,03/03/2016 12:00:00 AM +0000,mn-04-139205
142,LINK-000562,Manhattan,POINT (-73.98811655414393 40.759739733795165),104,40.759748,-73.988118,CX Complete / Link Installed,A - Link Live,122579,300 West 46Th St,90 E,NY-MN,03/05/2016 12:00:00 AM +0000,mn-04-122579
143,LINK-000563,Manhattan,POINT (-73.986157554597 40.7624237326602),104,40.762432,-73.986159,CX Complete / Link Installed,A - Link Live,142000,301 8 Avenue,88 E,NY-MN,04/10/2016 12:00:00 AM +0000,mn-04-142000
144,LINK-000566,Manhattan,POINT (-73.98683455490233 40.76088673376025),105,40.760895,-73.986836,CX Complete / Link Installed,A - Link Live,142002,782 8 Avenue,28 NE,NY-MN,03/10/2016 12:00:00 AM +0000,mn-05-142002
145,LINK-000567,Manhattan,POINT (-73.98660455538383 40.76180773333739),104,40.761816,-73.986606,CX Complete / Link Installed,A - Link Live,122598,825 8 Avenue,168 S,NY-MN,03/14/2016 12:00:00 AM +0000,mn-04-122598
146,LINK-000568,Manhattan,POINT (-73.9879735537951 40.759929733549946),104,40.759938,-73.987975,Not Ready for CX,A - Link Live,122580,739 8 Avenue,56 NE,NY-MN,07/12/2016 12:00:00 AM +0000,mn-04-122580
147,LINK-000569,Manhattan,POINT (-73.98777155450051 40.75964573362604),105,40.759654,-73.987773,CX Complete / Link Installed,A - Link Live,107819,740 8 Avenue,47 NE,NY-MN,03/10/2016 12:00:00 AM +0000,mn-05-107819
148,LINK-000824,Manhattan,POINT (-73.96580456118201 40.76208373265389),108,40.762092,-73.965806,Not Ready for CX,A - Link Live,121741,1011 3 AVENUE,122SE,NY-MN,02/20/2016 12:00:00 AM +0000,mn-08-121741
149,LINK-000825,Manhattan,POINT (-73.9654415609678 40.76288773244397),108,40.762896,-73.965443,Not Ready for CX,A - Link Live,134750,1031 3 AVENUE,295 NW,NY-MN,03/03/2016 12:00:00 AM +0000,mn-08-134750
150,LINK-000826,Manhattan,POINT (-73.9656515606943 40.76302873227948),108,40.763037,-73.965653,Not Ready for CX,A - Link Live,136989,1030 3 AVENUE,115 SE,NY-MN,02/27/2016 12:00:00 AM +0000,mn-08-136989
151,LINK-000834,Manhattan,POINT (-73.96252856180753 40.76730073074855),108,40.767309,-73.96253,Not Ready for CX,A - Link Live,120986,1172 3 AVENUE,74 E,NY-MN,04/06/2016 12:00:00 AM +0000,mn-08-120986
152,LINK-000835,Manhattan,POINT (-73.96230356164574 40.767222731356654),108,40.767231,-73.962305,Not Ready for CX,A - Link Live,120988,1175 3 AVENUE,308 NW,NY-MN,02/20/2016 12:00:00 AM +0000,mn-08-120988
153,LINK-000836,Manhattan,POINT (-73.96196956193297 40.767646730947305),108,40.767655,-73.961971,Not Ready for CX,A - Link Live,120983,1175 3 AVENUE,298 NW,NY-MN,02/20/2016 12:00:00 AM +0000,mn-08-120983
154,LINK-000837,Manhattan,POINT (-73.96225456180713 40.76784473107097),108,40.767853,-73.962256,Not Ready for CX,A - Link Live,120985,1180 3 AVENUE,27 NE,NY-MN,02/20/2016 12:00:00 AM +0000,mn-08-120985
155,LINK-000839,Manhattan,POINT (-73.96095056313864 40.76893473075183),108,40.768943,-73.960952,Not Ready for CX,A - Link Live,120995,200 E 71 ST,12 N,NY-MN,03/04/2016 12:00:00 AM +0000,mn-08-120995
156,LINK-000842,Manhattan,POINT (-73.96025256311866 40.77053673085747),108,40.770545,-73.960254,Not Ready for CX,A - Link Live,120990,1270 3 AVENUE,186 S,NY-MN,02/21/2016 12:00:00 AM +0000,mn-08-120990
157,LINK-000843,Manhattan,POINT (-73.95992656284048 40.77044773105101),108,40.770456,-73.959928,Not Ready for CX,A - Link Live,120991,1271 E 75ST,22 NE,NY-MN,02/20/2016 12:00:00 AM +0000,mn-08-120991
158,LINK-000849,Manhattan,POINT (-73.95869556257654 40.77213573003117),108,40.772144,-73.958697,Not Ready for CX,A - Link Live,128748,1325 3 AVENUE,289 W,NY-MN,02/28/2016 12:00:00 AM +0000,mn-08-128748
159,LINK-000850,Manhattan,POINT (-73.95853456263694 40.7723477298848),108,40.772356,-73.958536,Not Ready for CX,A - Link Live,120998,1329 3 AVENUE,311 NW,NY-MN,02/27/2016 12:00:00 AM +0000,mn-08-120998
160,LINK-000851,Manhattan,POINT (-73.95894656254312 40.77235673026053),108,40.772365,-73.958948,Not Ready for CX,A - Link Live,120999,1328 3 AVENUE,8 N,NY-MN,02/28/2016 12:00:00 AM +0000,mn-08-120999
161,LINK-000852,Manhattan,POINT (-73.9587675628133 40.77246972991254),108,40.772478,-73.958769,Not Ready for CX,A - Link Live,134742,1330 3 AVENUE,98 E,NY-MN,02/27/2016 12:00:00 AM +0000,mn-08-134742
162,LINK-000853,Manhattan,POINT (-73.95847256268601 40.772994729817306),108,40.773003,-73.958474,Not Ready for CX,A - Link Live,120997,176 E 77ST,27 NE,NY-MN,02/12/2016 12:00:00 AM +0000,mn-08-120997
163,LINK-000854,Manhattan,POINT (-73.95823356243206 40.772816730146964),108,40.772825,-73.958235,Not Ready for CX,A - Link Live,134739,1345 E 78ST,302 NW,NY-MN,04/10/2016 12:00:00 AM +0000,mn-08-134739
164,LINK-000857,Manhattan,POINT (-73.95796356307167 40.773718729742846),108,40.773727,-73.957965,Not Ready for CX,A - Link Live,121004,1374 3 AVENUE,197 S,NY-MN,03/01/2016 12:00:00 AM +0000,mn-08-121004
165,LINK-000858,Manhattan,POINT (-73.95749756357891 40.77419873035467),108,40.774207,-73.957499,Not Ready for CX,A - Link Live,121016,1388 3 AVENUE,112 E,NY-MN,03/01/2016 12:00:00 AM +0000,mn-08-121016
166,LINK-000860,Manhattan,POINT (-73.95708856274285 40.774341729903554),108,40.77435,-73.95709,Not Ready for CX,A - Link Live,121005,201 E 79ST,191 S,NY-MN,02/24/2016 12:00:00 AM +0000,mn-08-121005
167,LINK-000862,Manhattan,POINT (-73.95666356426005 40.77484673041482),108,40.774855,-73.956665,Not Ready for CX,A - Link Live,121015,1409 3 AVENUE,34 NE,NY-MN,02/12/2016 12:00:00 AM +0000,mn-08-121015
168,LINK-000864,Manhattan,POINT (-73.95593156442706 40.776358729080684),108,40.776367,-73.955933,Not Ready for CX,A - Link Live,121010,1450 3 AVENUE,125 SE,NY-MN,02/12/2016 12:00:00 AM +0000,mn-08-121010
169,LINK-000865,Manhattan,POINT (-73.95558456441708 40.77682472929125),108,40.776833,-73.955586,Not Ready for CX,A - Link Live,121023,1460 3 AVENUE,88 E,NY-MN,02/12/2016 12:00:00 AM +0000,mn-08-121023
170,LINK-000867,Manhattan,POINT (-73.95513756434488 40.77701172917829),108,40.77702,-73.955139,Not Ready for CX,A - Link Live,134740,1475 3 AVENUE,317 NW,NY-MN,03/01/2016 12:00:00 AM +0000,mn-08-134740
171,LINK-000868,Manhattan,POINT (-73.95475056346577 40.77755272941045),108,40.777561,-73.954752,Not Ready for CX,A - Link Live,121021,1495 3 AVENUE,327 NW,NY-MN,02/24/2016 12:00:00 AM +0000,mn-08-121021
172,LINK-000869,Manhattan,POINT (-73.95515156398123 40.77751972877752),108,40.777528,-73.955153,Not Ready for CX,A - Link Live,121020,1488 3 AVENUE,8 N,NY-MN,02/24/2016 12:00:00 AM +0000,mn-08-121020
173,LINK-000870,Manhattan,POINT (-73.9545395636959 40.77826372896388),108,40.778272,-73.954541,Not Ready for CX,A - Link Live,121017,1518 3 AVENUE,96 E,NY-MN,03/14/2016 12:00:00 AM +0000,mn-08-121017
174,LINK-000871,Manhattan,POINT (-73.95442656446514 40.77799472859228),108,40.778003,-73.954428,Not Ready for CX,A - Link Live,121019,1505 3 AVENUE,309 NW,NY-MN,03/14/2016 12:00:00 AM +0000,mn-08-121019
175,LINK-000877,Manhattan,POINT (-73.95398856440227 40.77859172895725),108,40.7786,-73.95399,Not Ready for CX,A - Link Live,107963,200 E 86ST,297 NW,NY-MN,02/24/2016 12:00:00 AM +0000,mn-08-107963
176,LINK-000878,Manhattan,POINT (-73.95371556459123 40.77859472906342),108,40.778603,-73.953717,Not Ready for CX,A - Link Live,134748,200 E 86ST,20 N,NY-MN,02/16/2016 12:00:00 AM +0000,mn-08-134748
177,LINK-000879,Manhattan,POINT (-73.95366156395235 40.778783729091955),108,40.778792,-73.953663,Not Ready for CX,A - Link Live,133368,1529 3 AVENUE,209 SW,NY-MN,04/06/2016 12:00:00 AM +0000,mn-08-133368
178,LINK-000880,Manhattan,POINT (-73.95397856443999 40.77902972926109),108,40.779038,-73.95398,Not Ready for CX,A - Link Live,119826,179 E 86ST,144 SE,NY-MN,03/01/2016 12:00:00 AM +0000,mn-08-119826
179,LINK-000882,Manhattan,POINT (-73.95371356391736 40.77952672914976),108,40.779535,-73.953715,Not Ready for CX,A - Link Live,119825,170 E 87ST,1 N,NY-MN,02/16/2016 12:00:00 AM +0000,mn-08-119825
180,LINK-000885,Manhattan,POINT (-73.95353556388186 40.779626729419405),108,40.779635,-73.953537,Not Ready for CX,A - Link Live,138052,1550 3 AVENUE,94 E,NY-MN,02/16/2016 12:00:00 AM +0000,mn-08-138052
181,LINK-000886,Manhattan,POINT (-73.95239856467327 40.78077372832646),108,40.780782,-73.9524,Not Ready for CX,A - Link Live,119822,1585 3 AVENUE,323 NW,NY-MN,03/14/2016 12:00:00 AM +0000,mn-08-119822
182,LINK-000887,Manhattan,POINT (-73.95227756523944 40.781494728199625),108,40.781503,-73.952279,Not Ready for CX,A - Link Live,119821,181 E 90ST,301 NW,NY-MN,02/24/2016 12:00:00 AM +0000,mn-08-119821
183,LINK-000888,Manhattan,POINT (-73.9516975654028 40.78215072817982),108,40.782159,-73.951699,Not Ready for CX,A - Link Live,119833,1622 3 AVENUE,106 E,NY-MN,02/11/2016 12:00:00 AM +0000,mn-08-119833
184,LINK-000889,Manhattan,POINT (-73.95126156491332 40.78275972775136),108,40.782768,-73.951263,Not Ready for CX,A - Link Live,119832,1644 3 AVENUE,82 E,NY-MN,02/16/2016 12:00:00 AM +0000,mn-08-119832
185,LINK-000890,Manhattan,POINT (-73.9505515649184 40.783276728392956),108,40.783285,-73.950553,Not Ready for CX,A - Link Live,119830,1675 3 AVENUE,289 W,NY-MN,06/29/2016 12:00:00 AM +0000,mn-08-119830
186,LINK-000891,Manhattan,POINT (-73.94987356449137 40.784654727873274),108,40.784663,-73.949875,Not Ready for CX,A - Link Live,119829,1700 3 AVENUE,112 E,NY-MN,02/18/2016 12:00:00 AM +0000,mn-08-119829
187,LINK-000892,Manhattan,POINT (-73.94903056498038 40.78580972663021),111,40.785818,-73.949032,Not Ready for CX,A - Link Live,120218,175 E 96 ST,91 E,NY-MN,03/01/2016 12:00:00 AM +0000,mn-11-120218
188,LINK-000893,Manhattan,POINT (-73.94794256555302 40.787300726976994),111,40.787309,-73.947944,Not Ready for CX,A - Link Live,107836,1786 3 AVENUE,71 E,NY-MN,04/10/2016 12:00:00 AM +0000,mn-11-107836
189,LINK-000896,Manhattan,POINT (-73.94626056606812 40.78959972636425),111,40.789608,-73.946262,Not Ready for CX,A - Link Live,120214,1888 3 AVENUE,101 E,NY-MN,03/14/2016 12:00:00 AM +0000,mn-11-120214
190,LINK-000897,Manhattan,POINT (-73.94568156622894 40.79039272586413),111,40.790401,-73.945683,Not Ready for CX,A - Link Live,120226,1882 3 AVENUE,87 E,NY-MN,05/19/2016 12:00:00 AM +0000,mn-11-120226
191,LINK-000898,Manhattan,POINT (-73.94534656638044 40.790853725594125),111,40.790862,-73.945348,Not Ready for CX,A - Link Live,120225,1896 3 AVENUE,111 E,NY-MN,05/19/2016 12:00:00 AM +0000,mn-11-120225
192,LINK-000899,Manhattan,POINT (-73.94489656598405 40.791473725710794),111,40.791482,-73.944898,Not Ready for CX,A - Link Live,120224,1918 3 AVENUE,97 E,NY-MN,02/18/2016 12:00:00 AM +0000,mn-11-120224
193,LINK-000900,Manhattan,POINT (-73.94421956742771 40.79126672616889),111,40.791275,-73.944221,Not Ready for CX,A - Link Live,132877,1915 3 AVENUE,39 NE,NY-MN,03/01/2016 12:00:00 AM +0000,mn-11-132877
194,LINK-000901,Manhattan,POINT (-73.94422956610468 40.79238572625508),111,40.792394,-73.944231,Not Ready for CX,A - Link Live,143074,1950 3 AVENUE,104 E,NY-MN,03/01/2016 12:00:00 AM +0000,mn-11-143074
195,LINK-000902,Manhattan,POINT (-73.9439755672259 40.792283725855754),111,40.792292,-73.943977,Not Ready for CX,A - Link Live,120222,1945 3 AVENUE,307 NW,NY-MN,05/19/2016 12:00:00 AM +0000,mn-11-120222
196,LINK-000903,Manhattan,POINT (-73.94378256703337 40.79300072555922),111,40.793009,-73.943784,Not Ready for CX,A - Link Live,120221,1966 3 AVENUE,103 E,NY-MN,02/18/2016 12:00:00 AM +0000,mn-11-120221
197,LINK-000904,Manhattan,POINT (-73.94285956716065 40.79426572487923),111,40.794274,-73.942861,Not Ready for CX,A - Link Live,120232,2004 3 AVENUE,133 SE,NY-MN,03/03/2016 12:00:00 AM +0000,mn-11-120232
198,LINK-000905,Manhattan,POINT (-73.9423965669939 40.794903724786664),111,40.794912,-73.942398,Not Ready for CX,A - Link Live,107915,2022 3 AVENUE,97 E,NY-MN,05/23/2016 12:00:00 AM +0000,mn-11-107915
199,LINK-000906,Manhattan,POINT (-73.94033556718965 40.79729472475145),111,40.797303,-73.940337,Not Ready for CX,A - Link Live,120229,2105 3 AVENUE,289 W,NY-MN,02/17/2016 12:00:00 AM +0000,mn-11-120229
200,LINK-000907,Manhattan,POINT (-73.94025656718597 40.797827724737466),111,40.797836,-73.940258,Not Ready for CX,A - Link Live,107218,2120 3 AVENUE,125 SE,NY-MN,03/03/2016 12:00:00 AM +0000,mn-11-107218
201,LINK-000908,Manhattan,POINT (-73.94003356743148 40.79770072493198),111,40.797709,-73.940035,Not Ready for CX,A - Link Live,116230,2119 3 AVENUE,308 NW,NY-MN,03/03/2016 12:00:00 AM +0000,mn-11-116230
202,LINK-000909,Manhattan,POINT (-73.94017239044823 40.798147938379685),111,40.7981562138,-73.940173823,Not Ready for CX,A - Link Live,120240,2126 3 AVENUE,204 SW,NY-MN,05/19/2016 12:00:00 AM +0000,mn-11-120240
203,LINK-000911,Manhattan,POINT (-73.93724756827754 40.80151972427363),111,40.801528,-73.937249,Not Ready for CX,A - Link Live,137841,2239 3 AVENUE,311 NW,NY-MN,02/24/2016 12:00:00 AM +0000,mn-11-137841
204,LINK-000912,Manhattan,POINT (-73.93728856771624 40.80189072432039),111,40.801899,-73.93729,Not Ready for CX,A - Link Live,120235,2246 3 AVENUE,100 E,NY-MN,02/18/2016 12:00:00 AM +0000,mn-11-120235
205,LINK-000913,Manhattan,POINT (-73.93671856805618 40.8026547240191),111,40.802663,-73.93672,Not Ready for CX,A - Link Live,142952,2266 3 AVENUE,129 SE,NY-MN,03/01/2016 12:00:00 AM +0000,mn-11-142952
206,LINK-000914,Manhattan,POINT (-73.93626856827183 40.8028617241575),111,40.80287,-73.93627,Not Ready for CX,A - Link Live,143437,2277 3 AVENUE,289 W,NY-MN,04/21/2016 12:00:00 AM +0000,mn-11-143437
207,LINK-000915,Manhattan,POINT (-73.93610856810466 40.80350872332749),111,40.803517,-73.93611,Not Ready for CX,A - Link Live,143675,160 E 125 ST,126 SE,NY-MN,03/01/2016 12:00:00 AM +0000,mn-11-143675
208,LINK-000916,Manhattan,POINT (-73.93613756851889 40.80372272314618),111,40.803731,-73.936139,Not Ready for CX,A - Link Live,144673,160 E 125 ST,25 NE,NY-MN,03/14/2016 12:00:00 AM +0000,mn-11-144673
209,LINK-000918,Manhattan,POINT (-73.9635845618218 40.765872732447605),108,40.765881,-73.963586,Not Ready for CX,A - Link Live,120980,1126 3 AVENUE,122 SE,NY-MN,03/13/2016 12:00:00 AM +0000,mn-08-120980
210,LINK-000926,Manhattan,POINT (-73.98199955533664 40.77471473055542),107,40.774723,-73.982001,Not Ready for CX,A - Link Live,121339,1992 BROADWAY,311 NW,NY-MN,04/15/2016 12:00:00 AM +0000,mn-07-121339
211,LINK-000928,Manhattan,POINT (-73.98256955477866 40.77488573089917),107,40.774894,-73.982571,Not Ready for CX,A - Link Live,133488,1972 BROADWAY,199 S,NY-MN,04/15/2016 12:00:00 AM +0000,mn-07-133488
212,LINK-000929,Manhattan,POINT (-73.98250555532235 40.77474873132735),107,40.774757,-73.982507,Not Ready for CX,A - Link Live,134275,1967 BROADWAY,15 N,NY-MN,04/15/2016 12:00:00 AM +0000,mn-07-134275
213,LINK-000930,Manhattan,POINT (-73.98240655550536 40.77463773109596),107,40.774646,-73.982408,Not Ready for CX,A - Link Live,134274,1967 BROADWAY,77 E,NY-MN,04/13/2016 12:00:00 AM +0000,mn-07-134274
214,LINK-000932,Manhattan,POINT (-73.98182755516 40.775381730194965),107,40.77539,-73.981829,Not Ready for CX,A - Link Live,121337,2008 BROADWAY,224 SW,NY-MN,04/28/2016 12:00:00 AM +0000,mn-07-121337
215,LINK-000939,Manhattan,POINT (-73.98242755481854 40.77646573025394),107,40.776474,-73.982429,Not Ready for CX,A - Link Live,133487,2029 BROADWAY,206 SW,NY-MN,04/23/2016 12:00:00 AM +0000,mn-07-133487
216,LINK-000942,Manhattan,POINT (-73.98189755542325 40.777128729570585),107,40.777137,-73.981899,Not Ready for CX,A - Link Live,121335,2040 BROADWAY,302 NW,NY-MN,04/13/2016 12:00:00 AM +0000,mn-07-121335
217,LINK-000945,Manhattan,POINT (-73.98217855479585 40.778598729879945),107,40.778607,-73.98218,Not Ready for CX,A - Link Live,108166,2077 BROADWAY,104 E,NY-MN,04/25/2016 12:00:00 AM +0000,mn-07-108166
218,LINK-000946,Manhattan,POINT (-73.98207255461679 40.77909072980008),107,40.779099,-73.982074,Not Ready for CX,A - Link Live,133403,2085 BROADWAY,80 E,NY-MN,04/20/2016 12:00:00 AM +0000,mn-07-133403
219,LINK-000947,Manhattan,POINT (-73.98198955528146 40.77932273032233),107,40.779331,-73.981991,Not Ready for CX,A - Link Live,133410,2095 BROADWAY,75 E,NY-MN,03/24/2016 12:00:00 AM +0000,mn-07-133410
220,LINK-000951,Manhattan,POINT (-73.98130755453415 40.78031272998017),107,40.780321,-73.981309,Not Ready for CX,A - Link Live,133408,2120 BROADWAY,318 NW,NY-MN,04/25/2016 12:00:00 AM +0000,mn-07-133408
221,LINK-000952,Manhattan,POINT (-73.98116655544878 40.780816728748434),107,40.780825,-73.981168,Not Ready for CX,A - Link Live,133406,2130 BROADWAY,307 NW,NY-MN,04/21/2016 12:00:00 AM +0000,mn-07-133406
222,LINK-000955,Manhattan,POINT (-73.98152255507573 40.78098472907689),107,40.780993,-73.981524,Not Ready for CX,A - Link Live,121315,2135 BROADWAY,101 E,NY-MN,03/31/2016 12:00:00 AM +0000,mn-07-121315
223,LINK-000957,Manhattan,POINT (-73.98095955553059 40.78146572872655),107,40.781474,-73.980961,Not Ready for CX,A - Link Live,109544,2150 BROADWAY,284 W,NY-MN,04/06/2016 12:00:00 AM +0000,mn-07-109544
224,LINK-000958,Manhattan,POINT (-73.98079155521678 40.78168572944942),107,40.781694,-73.980793,Not Ready for CX,A - Link Live,121223,2160 BROADWAY,240 SW,NY-MN,04/28/2016 12:00:00 AM +0000,mn-07-121223
225,LINK-000959,Manhattan,POINT (-73.98083155529869 40.78183472862633),107,40.781843,-73.980833,Not Ready for CX,A - Link Live,133404,2160 BROADWAY,291 W,NY-MN,05/17/2016 12:00:00 AM +0000,mn-07-133404
226,LINK-000963,Manhattan,POINT (-73.98058455541631 40.78251972862931),107,40.782528,-73.980586,Not Ready for CX,A - Link Live,121221,2182 BROADWAY,295 NW,NY-MN,05/19/2016 12:00:00 AM +0000,mn-07-121221
227,LINK-000968,Manhattan,POINT (-73.98025155519885 40.78318272938214),107,40.783191,-73.980253,Not Ready for CX,A - Link Live,121232,2200 BROADWAY,319 NW,NY-MN,04/15/2016 12:00:00 AM +0000,mn-07-121232
228,LINK-000978,Manhattan,POINT (-73.97877955625434 40.7849967286759),107,40.785005,-73.978781,Not Ready for CX,A - Link Live,121239,2252 BROADWAY,24 NE,NY-MN,04/18/2016 12:00:00 AM +0000,mn-07-121239
229,LINK-000985,Manhattan,POINT (-73.97829155599045 40.78580472779636),107,40.785813,-73.978293,Not Ready for CX,A - Link Live,121302,2282 BROADWAY,330 NW,NY-MN,03/31/2016 12:00:00 AM +0000,mn-07-121302
230,LINK-000987,Manhattan,POINT (-73.97798555547878 40.78621172779502),107,40.78622,-73.977987,Not Ready for CX,A - Link Live,133415,2298 BROADWAY,321 NW,NY-MN,03/31/2016 12:00:00 AM +0000,mn-07-133415
231,LINK-000989,Manhattan,POINT (-73.97769155591979 40.78619572788801),107,40.786204,-73.977693,Not Ready for CX,A - Link Live,136212,222 BROADWAY,12 N,NY-MN,03/25/2016 12:00:00 AM +0000,mn-07-136212
232,LINK-000991,Manhattan,POINT (-73.97829855625258 40.78639472756426),107,40.786403,-73.9783,Not Ready for CX,A - Link Live,121304,2299 BROADWAY,106 E,NY-MN,03/24/2016 12:00:00 AM +0000,mn-07-121304
233,LINK-000995,Manhattan,POINT (-73.97748155620842 40.78688772844058),107,40.786896,-73.977483,Not Ready for CX,A - Link Live,121247,2310 BROADWAY,320 NW,NY-MN,04/15/2016 12:00:00 AM +0000,mn-07-121247
234,LINK-000997,Manhattan,POINT (-73.97654355600432 40.787997727570776),107,40.788006,-73.976545,Not Ready for CX,A - Link Live,107814,2350 BROADWAY,335 NW,NY-MN,07/21/2016 12:00:00 AM +0000,mn-07-107814
235,LINK-001006,Bronx,POINT (-73.92684556971301 40.819877720435024),204,40.819886,-73.926847,Not Ready for CX,A - Link Live,140582,597 GRAND CONCOURSE,110 E,NY-BX,06/02/2016 12:00:00 AM +0000,bx-04-140582
236,LINK-001122,Queens,POINT (-73.8298016083624 40.71316173694103),409,40.71317,-73.829803,Not Ready for CX,A - Link Live,128371,80-55 KEW GARDENS ROAD,219 SW,NY-QU,07/19/2016 12:00:00 AM +0000,qu-09-128371
237,LINK-001123,Queens,POINT (-73.83626060572838 40.71765573683566),406,40.717664,-73.836262,Not Ready for CX,A - Link Live,124182,112-28 QUEENS BLVD,8 N,NY-QU,07/19/2016 12:00:00 AM +0000,qu-06-124182
238,LINK-001125,Queens,POINT (-73.83973960407705 40.71928473698618),406,40.719293,-73.839741,Not Ready for CX,A - Link Live,124180,110-44 QUEENS BLVD,4 N,NY-QU,07/19/2016 12:00:00 AM +0000,qu-06-124180
239,LINK-001354,Bronx,POINT (-73.89762257694095 40.86735370987083),207,40.867362,-73.897624,Not Ready for CX,A - Link Live,119760,2663 Jerome Ave,121 SE,NY-BX,06/29/2016 12:00:00 AM +0000,bx-07-119760
240,LINK-001365,Bronx,POINT (-73.90108957574104 40.857747712069276),205,40.857756,-73.901091,Not Ready for CX,A - Link Live,102420,126 East 183 street,22 N,NY-BX,05/11/2016 12:00:00 AM +0000,bx-05-102420
241,LINK-001488,Manhattan,POINT (-73.97429555699243 40.79089072705581),107,40.790899,-73.974297,Not Ready for CX,A - Link Live,121255,2440 Broadway,325 NW,NY-MN,05/19/2016 12:00:00 AM +0000,mn-07-121255
242,LINK-001490,Manhattan,POINT (-73.97480855718247 40.790809726840884),107,40.790818,-73.97481,Not Ready for CX,A - Link Live,121295,2431 Broadway,34 NE,NY-MN,05/26/2016 12:00:00 AM +0000,mn-07-121295
243,LINK-001492,Manhattan,POINT (-73.97382055705062 40.79139272659184),107,40.791401,-73.973822,Not Ready for CX,A - Link Live,121254,215 West 91st,224 SW,NY-MN,06/22/2016 12:00:00 AM +0000,mn-07-121254
244,LINK-001495,Manhattan,POINT (-73.9734235575377 40.7919347270617),107,40.791943,-73.973425,Not Ready for CX,A - Link Live,121253,214 West 92st,23 NE,NY-MN,05/26/2016 12:00:00 AM +0000,mn-07-121253
245,LINK-001502,Manhattan,POINT (-73.97203455644873 40.79381172705673),107,40.79382,-73.972036,Not Ready for CX,A - Link Live,107918,230 West 95 Street,28 NE,NY-MN,05/26/2016 12:00:00 AM +0000,mn-07-107918
246,LINK-001503,Manhattan,POINT (-73.97256655657914 40.79403272686285),107,40.794041,-73.972568,Not Ready for CX,A - Link Live,120596,250 West 95 Street,43 NE,NY-MN,05/19/2016 12:00:00 AM +0000,mn-07-120596
247,LINK-001507,Manhattan,POINT (-73.97104655749514 40.79516272567701),107,40.795171,-73.971048,Not Ready for CX,A - Link Live,120513,230 West 97 Street,16 N,NY-MN,05/26/2016 12:00:00 AM +0000,mn-07-120513
248,LINK-001543,Manhattan,POINT (-73.9706495575635 40.79675372555367),107,40.796762,-73.970651,Not Ready for CX,A - Link Live,107801,243 Broadway,195 S,NY-MN,07/08/2016 12:00:00 AM +0000,mn-07-107801
249,LINK-001556,Manhattan,POINT (-73.96832455773576 40.79894572468628),107,40.798954,-73.968326,Not Ready for CX,A - Link Live,120393,216 West 103st,25 NE,NY-MN,06/17/2016 12:00:00 AM +0000,mn-07-120393
250,LINK-001557,Manhattan,POINT (-73.96822855759788 40.79932172518176),107,40.79933,-73.96823,Not Ready for CX,A - Link Live,107810,2704 Broadway,315 NW,NY-MN,06/09/2016 12:00:00 AM +0000,mn-07-107810
251,LINK-001595,Manhattan,POINT (-73.96778055848478 40.800572724749905),107,40.800581,-73.967782,Not Ready for CX,A - Link Live,120391,2740 Broadway,281 W,NY-MN,06/22/2016 12:00:00 AM +0000,mn-07-120391
252,LINK-001600,Manhattan,POINT (-73.9674915575322 40.80211772525649),107,40.802126,-73.967493,Not Ready for CX,A - Link Live,120402,249 West 107 Street,229 SW,NY-MN,05/19/2016 12:00:00 AM +0000,mn-07-120402
253,LINK-001602,Manhattan,POINT (-73.96814755827306 40.80244672465824),107,40.802455,-73.968149,Not Ready for CX,A - Link Live,120266,2781 Broadway,108 E,NY-MN,05/19/2016 12:00:00 AM +0000,mn-07-120266
254,LINK-001604,Manhattan,POINT (-73.96737755828333 40.802935725131434),107,40.802944,-73.967379,Not Ready for CX,A - Link Live,120401,2800 Broadway,316 NW,NY-MN,05/26/2016 12:00:00 AM +0000,mn-07-120401
255,LINK-001605,Manhattan,POINT (-73.96737955826384 40.803712723746024),107,40.803721,-73.967381,Not Ready for CX,A - Link Live,120268,301 West 109st,204 SW,NY-MN,06/10/2016 12:00:00 AM +0000,mn-07-120268
256,LINK-001612,Manhattan,POINT (-73.96552455909301 40.80546372387955),109,40.805472,-73.965526,Not Ready for CX,A - Link Live,120409,2880 Broadway,305 NW,NY-MN,06/09/2016 12:00:00 AM +0000,mn-09-120409
257,LINK-001675,Manhattan,POINT (-73.97413355913778 40.75095173475159),106,40.75096,-73.974135,Not Ready for CX,A - Link Live,133439,675 3rd Ave,,NY-MN,07/14/2016 12:00:00 AM +0000,mn-06-133439
258,LINK-001676,Manhattan,POINT (-73.9650795587752 40.80591472434075),109,40.805923,-73.965081,Not Ready for CX,A - Link Live,120408,562 West 113 Street,26 NE,NY-MN,05/26/2016 12:00:00 AM +0000,mn-09-120408
259,LINK-001678,Manhattan,POINT (-73.95526556140719 40.820272720971396),9,40.820281,-73.955267,Not Ready for CX,A - Link Live,120374,601 West 135 Street,135 SE,NY-MN,06/10/2016 12:00:00 AM +0000,mn-09-120374
260,LINK-001680,Manhattan,POINT (-73.9548195606609 40.82076172098018),109,40.82077,-73.954821,Not Ready for CX,A - Link Live,120365,3359 Broadway,112 E,NY-MN,06/10/2016 12:00:00 AM +0000,mn-09-120365
261,LINK-001682,Manhattan,POINT (-73.95367456207806 40.822310719766556),109,40.822319,-73.953676,Not Ready for CX,A - Link Live,111128,3407 Broadway,147 SE,NY-MN,06/17/2016 12:00:00 AM +0000,mn-09-111128
262,LINK-001683,Manhattan,POINT (-73.95300556152728 40.82248672025553),109,40.822495,-73.953007,Not Ready for CX,A - Link Live,120419,572 West 139 Street,40 NE,NY-MN,05/10/2016 12:00:00 AM +0000,mn-09-120419
263,LINK-001684,Manhattan,POINT (-73.95303956253866 40.82331771987449),109,40.823326,-73.953041,Not Ready for CX,A - Link Live,120371,600 West 140 Street,308 NW,NY-MN,06/02/2016 12:00:00 AM +0000,mn-09-120371
264,LINK-001688,Manhattan,POINT (-73.96421055948639 40.80803072324397),109,40.808039,-73.964212,Not Ready for CX,A - Link Live,120262,600 West 116st,28 NE,NY-MN,05/19/2016 12:00:00 AM +0000,mn-09-120262
265,LINK-001695,Manhattan,POINT (-73.95159556210764 40.8245507200785),109,40.824559,-73.951597,Not Ready for CX,A - Link Live,111652,3480 Broadway,337 NW,NY-MN,05/26/2016 12:00:00 AM +0000,mn-09-111652
266,LINK-001696,Manhattan,POINT (-73.95165756250911 40.825082720208485),109,40.825091,-73.951659,Not Ready for CX,A - Link Live,120360,3497 Broadway,136 SE,NY-MN,06/02/2016 12:00:00 AM +0000,mn-09-120360
267,LINK-001699,Manhattan,POINT (-73.95090556187758 40.82549972008303),109,40.825508,-73.950907,Not Ready for CX,A - Link Live,111954,3514 Broadway,178 S,NY-MN,05/31/2016 12:00:00 AM +0000,mn-09-111954
268,LINK-001702,Manhattan,POINT (-73.95048056153675 40.82608171862886),109,40.82609,-73.950482,Not Ready for CX,A - Link Live,111651,3536 Broadway,237 SW,NY-MN,06/22/2016 12:00:00 AM +0000,mn-09-111651
269,LINK-001773,Bronx,POINT (-73.89872857568326 40.867618710268005),207,40.867627,-73.89873,Not Ready for CX,A - Link Live,119873,26 West Kingsbridge Rd,14 N,NY-BX,06/02/2016 12:00:00 AM +0000,bx-07-119873
270,LINK-001774,Bronx,POINT (-73.89957457602162 40.8678197104019),207,40.867828,-73.899576,Not Ready for CX,A - Link Live,119874,56 West Kingsbridge Road,21 N,NY-BX,06/29/2016 12:00:00 AM +0000,bx-07-119874
271,LINK-001780,Bronx,POINT (-73.90236757554888 40.86062171113188),205,40.86063,-73.902369,Not Ready for CX,A - Link Live,119606,2374 Jerome Ave,258 W,NY-BX,06/02/2016 12:00:00 AM +0000,bx-05-119606
272,LINK-001785,Bronx,POINT (-73.92174557144405 40.831458716959524),204,40.831467,-73.921747,Not Ready for CX,A - Link Live,119048,105 East 165 Street,183 S,NY-BX,05/09/2016 12:00:00 AM +0000,bx-04-119048
273,LINK-001787,Bronx,POINT (-73.9055515747744 40.853033712970785),205,40.853042,-73.905553,Not Ready for CX,A - Link Live,119590,104 East Burnside Ave,16 N,NY-BX,05/31/2016 12:00:00 AM +0000,bx-05-119590
274,LINK-001788,Bronx,POINT (-73.90540157483598 40.853148713432816),205,40.853157,-73.905403,Not Ready for CX,A - Link Live,119592,101 East Burnside Ave,208 SW,NY-BX,05/24/2016 12:00:00 AM +0000,bx-05-119592
275,LINK-001792,Bronx,POINT (-73.92836856994153 40.81893371975769),204,40.818942,-73.92837,Not Ready for CX,A - Link Live,119146,135 East 149st,262 W,NY-BX,05/09/2016 12:00:00 AM +0000,bx-04-119146
276,LINK-001827,Queens,POINT (-73.83351160663716 40.71574973697769),406,40.715758,-73.833513,Not Ready for CX,A - Link Live,124184,116-12 Queens Blvd,303 NW,NY-QU,07/19/2016 12:00:00 AM +0000,qu-06-124184
277,LINK-002058,Manhattan,POINT (-73.95002656173018 40.8273127188102),109,40.827321,-73.950028,Not Ready for CX,A - Link Live,111986,3569 Broadway,66 NE,NY-MN,07/13/2016 12:00:00 AM +0000,mn-09-111986
278,LINK-002059,Manhattan,POINT (-73.9495795624728 40.82792371918905),109,40.827932,-73.949581,Not Ready for CX,A - Link Live,111985,3581 Broadway,116 SE,NY-MN,07/14/2016 12:00:00 AM +0000,mn-09-111985
279,LINK-002061,Manhattan,POINT (-73.94928656261689 40.82757171859256),109,40.82758,-73.949288,Not Ready for CX,A - Link Live,120434,546 WEST 147ST,13 N,NY-MN,07/30/2016 12:00:00 AM +0000,mn-09-120434
280,LINK-002062,Manhattan,POINT (-73.94901556281091 40.82808871929308),109,40.828097,-73.949017,Not Ready for CX,A - Link Live,111874,3596 Broadway,312 NW,NY-MN,07/13/2016 12:00:00 AM +0000,mn-09-111874
281,LINK-002064,Manhattan,POINT (-73.94913356268233 40.82853471911778),109,40.828543,-73.949135,Not Ready for CX,A - Link Live,120352,3601 Broadway,104 E,NY-MN,07/11/2016 12:00:00 AM +0000,mn-09-120352
282,LINK-002065,Manhattan,POINT (-73.94886756288874 40.82902871934913),109,40.829037,-73.948869,Not Ready for CX,A - Link Live,120354,600 West 149st,359 N,NY-MN,07/14/2016 12:00:00 AM +0000,mn-09-120354
283,LINK-002068,Manhattan,POINT (-73.9478645624807 40.82966671943446),109,40.829675,-73.947866,Not Ready for CX,A - Link Live,102722,3642 BROADWAY,300 NW,NY-MN,07/11/2016 12:00:00 AM +0000,mn-09-102722
284,LINK-002070,Manhattan,POINT (-73.94790756259144 40.830199719299145),109,40.830208,-73.947909,Not Ready for CX,A - Link Live,120356,3659 Broadway,78 E,NY-MN,07/14/2016 12:00:00 AM +0000,mn-09-120356
285,LINK-002072,Manhattan,POINT (-73.94719356264352 40.83057771767796),109,40.830586,-73.947195,Not Ready for CX,A - Link Live,111931,3670 Broadway,305 NW,NY-MN,07/10/2016 12:00:00 AM +0000,mn-09-111931
286,LINK-002073,Manhattan,POINT (-73.94698456288397 40.830867717993705),109,40.830876,-73.946986,Not Ready for CX,A - Link Live,111936,3680 BROADWAY,305 NW,NY-MN,07/21/2016 12:00:00 AM +0000,mn-09-111936
287,LINK-002084,Manhattan,POINT (-73.94278556432683 40.83649271700174),112,40.836501,-73.942787,Not Ready for CX,A - Link Live,120445,581 WEST 161 STREET,17 N,NY-MN,07/07/2016 12:00:00 AM +0000,mn-12-120445
288,LINK-002679,Manhattan,POINT (-74.00152155305601 40.717475743083675),101,40.717484,-74.001523,Not Ready for CX,A - Link Live,137940,90 LAFAYETTE STREET,130 SE,NY-MN,07/11/2016 12:00:00 AM +0000,mn-01-137940
289,LINK-002680,Manhattan,POINT (-74.00174155259998 40.71723474276761),101,40.717243,-74.001743,Not Ready for CX,A - Link Live,137333,80 LAFAYETTE STREET,70 E,NY-MN,07/12/2016 12:00:00 AM +0000,mn-01-137333
290,LINK-002682,Manhattan,POINT (-74.00256855167386 40.71602474334725),101,40.716033,-74.00257,Not Ready for CX,A - Link Live,123431,45 LAFAYETTE STREET,331 NW,NY-MN,07/11/2016 12:00:00 AM +0000,mn-01-123431
291,LINK-003244,Manhattan,POINT (-73.9933415547652 40.721707741299326),103,40.721716,-73.993343,Not Ready for CX,A - Link Live,108238,217 BOWERY,285 W,NY-MN,07/20/2016 12:00:00 AM +0000,mn-03-108238
292,LINK-003247,Manhattan,POINT (-73.99407655519168 40.72058874161353),102,40.720597,-73.994078,Not Ready for CX,A - Link Live,100727,178 BOWERY,111 E,NY-MN,07/11/2016 12:00:00 AM +0000,mn-02-100727
293,LINK-003249,Manhattan,POINT (-73.99405655518251 40.71989674210812),103,40.719905,-73.994058,Not Ready for CX,A - Link Live,108589,169 BOWERY,299 NW,NY-MN,07/11/2016 12:00:00 AM +0000,mn-03-108589
294,LINK-003917,Manhattan,POINT (-73.9669155591697 40.80357072424611),107,40.803579,-73.966917,Not Ready for CX,A - Link Live,120400,2820 BROADWAY,,NY-MN,06/10/2016 12:00:00 AM +0000,mn-07-120400
295,LINK-003918,Manhattan,POINT (-73.96599355865384 40.80482672357713),109,40.804835,-73.965995,Not Ready for CX,A - Link Live,120396,2858 BROADWAY,,NY-MN,06/22/2016 12:00:00 AM +0000,mn-09-120396
296,LINK-005211,Manhattan,POINT (-73.95275356210968 40.8183627214415),109,40.818371,-73.952755,Not Ready for CX,A - Link Live,111948,1500 AMSTERDAM AVENUE,131 SE,NY-MN,07/13/2016 12:00:00 AM +0000,mn-09-111948
297,LINK-005221,Manhattan,POINT (-73.94695056370401 40.82593871872952),109,40.825947,-73.946952,Not Ready for CX,A - Link Live,120576,1739 AMSTERDAM AVENUE,315 NW,NY-MN,07/13/2016 12:00:00 AM +0000,mn-09-120576
298,LINK-005427,Bronx,POINT (-73.9252215702867 40.82734671838177),204,40.827355,-73.925223,Not Ready for CX,A - Link Live,119159,72 EAST 161 STREET,358 N,NY-BX,06/24/2016 12:00:00 AM +0000,bx-04-119159
299,LINK-005430,Bronx,POINT (-73.92484057106056 40.827819717975245),204,40.827828,-73.924842,Not Ready for CX,A - Link Live,113552,875 GERARD AVENUE,91 E,NY-BX,06/29/2016 12:00:00 AM +0000,bx-04-113552
300,LINK-005877,Manhattan,POINT (-73.95213256202044 40.82456971957418),109,40.824578,-73.952134,Not Ready for CX,A - Link Live,120359,600 WEST 142 STREET,,NY-MN,07/05/2016 12:00:00 AM +0000,mn-09-120359
301,LINK-005878,Manhattan,POINT (-73.95349756249097 40.82269471997466),109,40.822703,-73.953499,Not Ready for CX,A - Link Live,120370,600 WEST 139 STREET,,NY-MN,07/05/2016 12:00:00 AM +0000,mn-09-120370
302,LINK-005879,Manhattan,POINT (-73.95330856213732 40.82190971992552),109,40.821918,-73.95331,Not Ready for CX,A - Link Live,120422,551 WEST 138 STREET,,NY-MN,07/10/2016 12:00:00 AM +0000,mn-09-120422
303,LINK-005882,Manhattan,POINT (-73.9593485599752 40.81448772173148),109,40.814496,-73.95935,Not Ready for CX,A - Link Live,136680,3153 BROADWAY,103 E,NY-MN,07/09/2016 12:00:00 AM +0000,mn-09-136680
304,LINK-005931,Manhattan,POINT (-73.96605055853439 40.80550772435088),109,40.805516,-73.966052,Not Ready for CX,A - Link Live,120269,602 WEST 112 STREET,,NY-MN,06/30/2016 12:00:00 AM +0000,mn-09-120269
305,LINK-006026,Manhattan,POINT (-73.93903956847012 40.7994987236227),111,40.799507,-73.939041,Not Ready for CX,A - Link Live,107943,2166 3RD AVENUE,120 SE,NY-MN,05/23/2016 12:00:00 AM +0000,mn-11-107943
306,LINK-006027,Manhattan,POINT (-73.944779566332 40.79119372569899),111,40.791202,-73.944781,Not Ready for CX,A - Link Live,132876,1915 3RD AVENUE,300 NW,NY-MN,05/19/2016 12:00:00 AM +0000,mn-11-132876
307,LINK-006032,Manhattan,POINT (-73.94644156427037 40.82718471871381),109,40.827193,-73.946443,Not Ready for CX,A - Link Live,100231,500 WEST 148 STREET,10 N,NY-MN,07/18/2016 12:00:00 AM +0000,mn-09-100231
308,LINK-006033,Manhattan,POINT (-73.94604156437764 40.8271867186487),109,40.827195,-73.946043,Not Ready for CX,A - Link Live,120573,1781 AMSTERDAM AVE,302 NW,NY-MN,07/18/2016 12:00:00 AM +0000,mn-09-120573
309,LINK-006035,Manhattan,POINT (-73.94372056412169 40.83035871818038),109,40.830367,-73.943722,Not Ready for CX,A - Link Live,131062,1881 AMSTERDAM AVE,301 NW,NY-MN,07/18/2016 12:00:00 AM +0000,mn-09-131062
310,LINK-006037,Manhattan,POINT (-73.94232556511712 40.832274717642946),112,40.832283,-73.942327,Not Ready for CX,A - Link Live,120463,1941 AMSTERDAM AVE,314 NW,NY-MN,07/12/2016 12:00:00 AM +0000,mn-12-120463
311,LINK-006038,Manhattan,POINT (-73.94226656451549 40.83272371793961),112,40.832732,-73.942268,Not Ready for CX,A - Link Live,111956,1952 AMSTERDAM AVE,134 SE,NY-MN,07/14/2016 12:00:00 AM +0000,mn-12-111956
312,LINK-006039,Manhattan,POINT (-73.94173856515081 40.83343871788866),112,40.833447,-73.94174,Not Ready for CX,A - Link Live,120460,1976 AMSTERDAM AVE,,NY-MN,07/14/2016 12:00:00 AM +0000,mn-12-120460
313,LINK-006040,Manhattan,POINT (-73.94144556514941 40.83385271768378),112,40.833861,-73.941447,Not Ready for CX,A - Link Live,100263,1988 AMSTERDAM AVE,127 SE,NY-MN,07/13/2016 12:00:00 AM +0000,mn-12-100263
314,LINK-006041,Manhattan,POINT (-73.94116156484837 40.83423871772693),112,40.834247,-73.941163,Not Ready for CX,A - Link Live,111803,2002 AMSTERDAM AVE,133 SE,NY-MN,07/14/2016 12:00:00 AM +0000,mn-12-111803
315,LINK-006042,Manhattan,POINT (-73.94091756460452 40.83406971788345),112,40.834078,-73.940919,Not Ready for CX,A - Link Live,120458,481 WEST 159 STREET,220 SW,NY-MN,07/14/2016 12:00:00 AM +0000,mn-12-120458
316,LINK-006043,Manhattan,POINT (-73.94047556512997 40.83480671717777),112,40.834815,-73.940477,Not Ready for CX,A - Link Live,120457,2017 AMSTERDAM AVE,,NY-MN,07/13/2016 12:00:00 AM +0000,mn-12-120457
317,LINK-006150,Manhattan,POINT (-73.96927955820932 40.798526725945635),107,40.798535,-73.969281,Not Ready for CX,A - Link Live,120273,240 WEST 102 STREET,,NY-MN,07/20/2016 12:00:00 AM +0000,mn-07-120273
318,LINK-006861,Queens,POINT (-73.83818260510813 40.71859373726714),406,40.718602,-73.838184,Not Ready for CX,A - Link Live,124181,110-88 QUEENS BLVD,,NY-QU,07/19/2016 12:00:00 AM +0000,qu-06-124181
319,LINK-007143,Manhattan,POINT (-73.98277555535277 40.7772187297901),107,40.777227,-73.982777,Not Ready for CX,A - Link Live,121203,222 AMSTERDAM AVE,74 E,NY-MN,07/18/2016 12:00:00 AM +0000,mn-07-121203
320,LINK-007145,Manhattan,POINT (-73.98324555500649 40.77599072986487),107,40.775999,-73.983247,Not Ready for CX,A - Link Live,138046,155 WEST 68 STREET,214 SW,NY-MN,07/14/2016 12:00:00 AM +0000,mn-07-138046
321,LINK-007147,Manhattan,POINT (-73.98362555474752 40.776057729649274),107,40.776066,-73.983627,Not Ready for CX,A - Link Live,121193,174 AMSTERDAM AVE,114 SE,NY-MN,07/12/2016 12:00:00 AM +0000,mn-07-121193
322,LINK-007876,Manhattan,POINT (-73.95806756247572 40.772997730399865),108,40.773006,-73.958069,Not Ready for CX,A - Link Live,120996,1349 3 AVENUE,306 NW,NY-MN,07/06/2016 12:00:00 AM +0000,mn-08-120996
323,LINK-008229,Manhattan,POINT (-73.99345255552845 40.7214167408053),103,40.721425,-73.993454,Not Ready for CX,A - Link Live,100726,211 BOWERY,264 W,NY-MN,07/20/2016 12:00:00 AM +0000,mn-03-100726
