the_geom,Loc,Borough,Street,From_,To,Index,May07_D,May07_AM,May07_PM,May07_D2,May07_MD,Sept07_D,Sept07_AM,Sept07_PM,Sept07_D2,Sept07_MD,May08_D,May08_AM,May08_PM,May08_D2,May08_MD,Sept08_D,Sept08_AM,Sept08_PM,Sept08_D2,Sept08_MD,May09_D,May09_AM,May09_PM,May09_D2,May09_MD,Sept09_D,Sept09_AM,Sept09_PM,Sept09_D2,Sept09_MD,May10_D,May10_AM,May10_PM,May10_D2,May10_MD,Sept10_D,Sept10_AM,Sept10_PM,Sept10_D2,Sept10_MD,May11_D,May11_AM,May11_PM,May11_D2,May11_MD,Sept11_D,Sept11_AM,Sept11_PM,Sept11_D2,Sept11_MD,May12_D,May12_AM,May12_PM,May12_D2,May12_MD,Sept12_D,Sept12_AM,Sept12_PM,Sept12_D2,Sept12_MD,May13_D,May13_AM,May13_PM,May13_D2,May13_MD,Sept13_D,Sept13_AM,Sept13_PM,Sept13_D2,Sept13_MD,May14_D,May14_AM,May14_PM,May14_D2,May14_MD,Sept14_D,Sept14_AM,Sept14_PM,Sept14_D2,Sept14_MD,May15_D,May15_AM,May15_PM,May15_D2,May15_MD
POINT (-73.90459140730687 40.879198966485745),1,Bronx,Broadway,West 231st Street,Naples Terrace,N,5/10/2007,1189,4094,5/5/2007,2508,9/25/2007,734,2646,9/29/2007,2939,5/1/2008,802,4015,5/17/2008,2631,09/23/08,1125,4310,2010-04-08,3420,2005-05-09,1001,3475,2005-02-09,2832,2009-10-09,991,4262,09/26/09,2469,2005-06-10,1010,3609,2005-01-10,3128,2009-08-10,863,4119,2009-11-10,2217,2005-10-11,997,4440,04/30/11,2687,2009-08-11,1328,3820,2009-10-11,2428,2005-03-12,1288,3328,2006-02-12,3365,9/12/2012,1268,4315,09/15/2012,2276,2005-07-13,1210,4710,05/18/13,3825,2010-01-13,1206,4590,2010-05-13,3008,2005-08-14,1220,4384,05/17/2014 07:00:00 AM +0000,2641,2009-04-14,1450,4646,2009-06-14,2996,05/13/15,1788,4980,05/16/15,3033
POINT (-73.92188432870225 40.82662794123293),2,Bronx,East 161st Street,Grand Concourse,Sheridan Avenue,Y,5/10/2007,1511,3184,5/5/2007,1971,9/25/2007,1855,3754,9/29/2007,1183,5/6/2008,1136,2638,5/17/2008,1522,09/23/08,1939,3283,2010-04-08,1383,2005-05-09,1351,3111,2005-02-09,1304,2009-10-09,1227,3137,09/26/09,2762,2005-06-10,2077,3283,2005-01-10,1409,09/14/10,1007,3069,2009-11-10,1477,2005-05-11,1734,3333,04/30/11,1772,09/14/11,2051,3525,2009-10-11,1752,2005-03-12,1233,1875,2006-02-12,1912,9/12/2012,2113,4099,09/22/2012,1970,2005-01-13,2278,4215,2005-04-13,2288,09/18/13,2071,3890,09/21/13,1832,2005-08-14,2206,4363,05/17/2014 07:00:00 AM +0000,2315,2009-11-14,1949,4435,09/13/14,2388,05/19/15,2318,4589,05/16/15,2483
POINT (-73.89535781584343 40.862154600315165),3,Bronx,East Fordham Road,Valentine Avenue,Tiebout Avenue,Y,5/10/2007,1832,12311,5/5/2007,14391,9/25/2007,1829,9215,9/29/2007,15065,5/1/2008,1061,8013,5/17/2008,7927,09/23/08,2497,10010,2010-04-08,8013,2005-05-09,1689,8374,2005-02-09,7472,2009-10-09,2387,10655,09/26/09,6614,2005-06-10,2285,10943,2005-01-10,10424,2009-08-10,2807,12658,2009-11-10,7714,2005-10-11,2289,15890,04/30/11,9167,2009-08-11,2679,13548,2009-10-11,8140,2005-03-12,2125,7635,2006-09-12,7022,9/11/2012,2704,10486,09/15/2012,7421,2005-01-13,2710,12723,2005-04-13,8872,2010-01-13,2651,10613,2010-05-13,8241,2005-08-14,2699,12490,05/17/2014 07:00:00 AM +0000,6339,2009-04-14,2752,10408,2009-06-14,8266,05/13/15,2382,11216,05/16/15,7574
POINT (-73.87892467324485 40.881286995987296),4,Bronx,East Gun Hill Road,Bainbridge Avenue,Rochambeau Avenue,N,5/10/2007,764,2673,5/5/2007,1798,9/25/2007,1360,1975,9/29/2007,872,5/1/2008,2102,3206,5/17/2008,1989,09/23/08,3020,3915,2010-04-08,1662,2005-05-09,1536,2997,2005-02-09,1672,2009-10-09,2097,3135,09/26/09,1591,2005-06-10,2954,3962,2005-01-10,1717,2009-08-10,1622,3006,2009-11-10,1344,2005-10-11,1661,2844,04/30/11,1510,2009-08-11,1996,2836,2009-10-11,1587,2005-03-12,1906,2066,2006-09-12,1261,9/12/2012,2371,3500,09/15/2012,1620,2005-01-13,2052,3981,2005-04-13,1979,2010-09-13,2373,3660,2010-12-13,1914,2005-08-14,2096,3378,05/17/2014 07:00:00 AM +0000,1333,2009-04-14,2382,3425,2009-06-14,1339,05/13/15,1757,3561,05/16/15,1714
POINT (-73.88956389732796 40.84463677671767),5,Bronx,East Tremont Avenue,Prospect Avenue,Clinton Avenue,N,5/10/2007,650,2538,5/5/2007,2334,9/25/2007,1078,2739,9/29/2007,2343,4/29/2008,553,2438,5/10/2008,1652,09/23/08,756,3095,2010-04-08,1374,2005-05-09,684,2660,2005-02-09,2604,2009-10-09,912,3637,09/26/09,2339,2005-06-10,1075,5823,05/15/10,4085,2009-08-10,1012,5785,2009-11-10,3758,05/24/11,1093,6119,05/21/11,4274,09/14/11,1049,5859,2009-10-11,3934,05/31/12,627,1503,2006-09-12,2371,9/13/2012,959,3140,09/22/2012,2273,2005-01-13,1007,4175,2005-04-13,2854,2010-09-13,760,3488,2010-12-13,2805,05/21/14,971,3586,05/31/2014 07:00:00 AM +0000,2460,2009-04-14,1019,3184,2009-06-14,2366,05/21/15,1055,3710,2005-09-15,2554
POINT (-73.92087824799191 40.83015855511036),6,Bronx,Grand Concourse,East 164th Street,East 165th Street,Y,5/10/2007,489,1235,5/5/2007,835,9/25/2007,873,1457,9/29/2007,631,5/6/2008,634,1554,5/17/2008,856,09/23/08,771,1445,2010-04-08,744,2005-05-09,605,1271,2005-02-09,539,2009-10-09,599,1028,09/26/09,750,2005-06-10,597,1426,2005-01-10,669,2009-08-10,634,1341,09/18/10,738,2005-05-11,753,1394,04/30/11,891,09/14/11,802,1396,2009-10-11,859,2006-06-12,838,1372,2006-02-12,1069,9/12/2012,936,1743,09/22/2012,1059,2005-01-13,912,2059,2005-04-13,1037,09/18/13,963,1726,09/21/13,973,2005-08-14,858,2035,05/17/2014 07:00:00 AM +0000,1042,2009-11-14,972,1902,09/13/14,1097,05/19/15,839,2023,05/16/15,1059
POINT (-73.91635737290395 40.81688745834867),7,Bronx,Third Avenue,East 150th Street,East 151st Street,Y,5/10/2007,703,8776,5/5/2007,2865,9/25/2007,858,6503,9/29/2007,5501,4/29/2008,636,6123,5/10/2008,4461,09/23/08,1499,5803,2010-04-08,4251,2005-05-09,1696,7236,2005-02-09,3540,2009-10-09,1446,6730,09/26/09,7409,2005-06-10,1624,6877,2005-01-10,4565,09/14/10,1701,6922,09/18/10,4866,2005-05-11,1773,7138,04/30/11,5866,09/14/11,1937,7050,2009-10-11,4951,2005-03-12,1367,6961,2005-05-12,5551,9/12/2012,1604,7500,09/22/2012,5012,2005-01-13,2097,8853,2005-04-13,6599,09/18/13,1231,6701,09/21/13,4294,2005-08-14,2161,9048,05/17/2014 07:00:00 AM +0000,6717,2009-11-14,1648,9057,09/13/14,6785,05/19/15,2165,9285,05/16/15,6721
POINT (-73.86767352599504 40.855588719719535),8,Bronx,White Plains Road,Pelham Parkway South,Lydig Avenue,Y,5/10/2007,1025,4039,5/5/2007,3991,9/25/2007,1743,4667,9/29/2007,3309,5/1/2008,1638,4798,5/17/2008,4858,09/23/08,1056,3194,2010-04-08,2489,2005-05-09,990,3490,2005-02-09,3335,2009-10-09,1461,5090,09/26/09,2526,2005-06-10,1375,4834,2005-01-10,3095,2009-08-10,1568,4386,2009-11-10,2217,2005-10-11,1545,4402,04/30/11,2985,2009-08-11,1689,3016,2009-10-11,2360,05/31/12,1626,3415,2006-02-12,3828,9/11/2012,1591,5398,09/15/2012,3851,2005-01-13,1410,4232,2005-04-13,3007,2010-09-13,1479,4910,2010-12-13,4056,2005-08-14,1495,5166,05/17/2014 07:00:00 AM +0000,2540,2009-04-14,1769,4114,09/13/14,2893,05/13/15,1512,4333,05/16/15,3122
POINT (-74.01119296689045 40.6442668235874),9,Brooklyn,5th Avenue,51st Street,52nd Street,Y,5/9/2007,856,5940,5/5/2007,4354,9/25/2007,900,5435,9/29/2007,5081,4/29/2008,886,7054,5/17/2008,4806,2009-11-08,1062,5072,09/13/08,5901,2005-05-09,914,5730,2005-09-09,4619,2009-10-09,1364,5475,2010-03-09,4740,2005-05-10,982,5570,2005-01-10,5371,09/15/10,946,5585,2009-11-10,4577,2005-12-11,1350,7743,2005-07-11,6135,09/20/11,1445,8170,2009-10-11,4999,05/31/12,1306,3662,2006-09-12,4731,9/11/2012,1419,4864,10/20/2012,6325,2005-02-13,1457,6509,05/18/13,6070,09/18/13,1658,6627,09/21/13,5690,05/13/14,1522,7718,05/03/2014 07:00:00 AM +0000,6313,2009-09-14,1721,7988,09/13/14,6391,2005-12-15,1791,7802,2005-09-15,6762
POINT (-73.98067647018512 40.676093537146265),10,Brooklyn,5th Avenue,Union Street,President Street,Y,5/8/2007,504,2207,5/5/2007,2225,9/25/2007,422,2167,9/29/2007,1627,5/6/2008,672,2707,5/3/2008,966,2009-11-08,487,1898,2009-06-08,2321,2005-05-09,469,2547,2005-09-09,2259,2009-10-09,774,2310,2010-03-09,1690,2005-04-10,582,2274,2005-01-10,2808,09/14/10,661,3063,09/18/10,2141,2005-04-11,631,2915,04/30/11,2852,2009-08-11,591,2848,09/17/11,2307,2005-02-12,666,1414,2005-12-12,2620,9/11/2012,723,3255,09/15/2012,2468,2005-02-13,688,2764,05/18/13,2554,09/18/13,794,2513,09/21/13,2591,2005-06-14,800,3051,05/03/2014 07:00:00 AM +0000,3080,2009-09-14,955,2390,09/13/14,1962,2005-06-15,900,2492,2005-09-15,3081
POINT (-73.9813420580082 40.667174151295946),11,Brooklyn,7th Avenue,9th Street,8th Street,Y,5/10/2007,2345,4089,5/5/2007,2519,9/25/2007,2167,3801,9/29/2007,1917,4/29/2008,3259,4733,5/10/2008,2682,09/16/08,2646,3900,09/20/08,3110,05/19/09,2233,3986,2005-09-09,2944,2009-10-09,2718,4033,2010-03-09,2212,2005-04-10,2635,3881,2005-01-10,3436,2009-08-10,2888,5261,09/18/10,2611,2005-05-11,2713,4018,04/30/11,3026,2009-07-11,1944,3832,09/17/11,2311,2005-02-12,2583,2641,2006-09-12,3858,9/11/2012,3050,4019,09/15/2012,3058,05/14/13,2917,4540,05/18/13,3242,2010-09-13,3241,4642,2010-05-13,2709,05/29/14,3479,3914,05/17/2014 07:00:00 AM +0000,3293,09/16/14,3009,3314,09/13/14,2215,05/27/15,2165,3920,05/30/15,2742
POINT (-74.02728680504444 40.62213882920039),12,Brooklyn,86th Street,4th Avenue,5th Avenue,Y,5/10/2007,983,4193,5/5/2007,3886,9/25/2007,1073,5202,9/29/2007,3402,5/7/2008,1119,5128,5/17/2008,4606,09/16/08,1092,4946,09/13/08,4323,05/19/09,1049,4674,2005-09-09,4406,2009-10-09,1038,4032,2010-03-09,2629,05/13/10,1012,4519,05/15/10,4063,09/22/10,1039,4462,09/25/10,3549,2005-12-11,1211,5288,04/30/11,4464,09/20/11,1236,6226,09/24/11,4179,2005-03-12,1118,3466,2005-12-12,6416,9/11/2012,1533,5237,09/15/2012,4778,2005-01-13,1406,5814,2005-04-13,5289,2010-01-13,1452,5233,09/28/13,5124,2005-06-14,1534,5281,05/03/2014 07:00:00 AM +0000,4049,2009-04-14,1177,5615,2009-06-14,3740,2005-06-15,1473,6828,2005-09-15,5036
POINT (-73.98983165443046 40.68884781602202),13,Brooklyn,Atlantic Avenue,Boerum Place,Smith Street,N,5/17/2007,357,889,5/5/2007,836,9/25/2007,356,1063,9/29/2007,831,5/8/2008,473,1335,5/17/2008,742,09/17/08,411,1147,09/13/08,984,05/19/09,363,1216,2005-09-09,865,2009-10-09,228,902,2010-03-09,766,2005-04-10,387,1701,2005-01-10,1189,09/14/10,399,1385,09/18/10,967,2005-12-11,366,1273,2005-07-11,1284,09/14/11,376,1175,09/17/11,1366,2005-02-12,397,756,2006-09-12,1374,9/11/2012,499,1182,09/15/2012,1469,2005-01-13,442,1637,2005-04-13,1402,09/25/13,506,1561,09/21/13,1309,05/20/14,440,1605,05/31/2014 07:00:00 AM +0000,1816,2009-04-14,518,1497,2009-06-14,1340,05/13/15,462,1528,05/16/15,1272
POINT (-73.95802234844952 40.71755737770773),14,Brooklyn,Bedford Avenue,North 7th Street,North 6th Street,Y,5/8/2007,1852,4462,5/5/2007,3432,9/25/2007,1875,3619,9/29/2007,3254,4/30/2008,1823,4299,5/3/2008,3526,2009-10-08,1951,4778,09/13/08,4048,05/19/09,1544,5501,2005-09-09,4110,2009-10-09,2001,5136,2010-03-09,4045,05/13/10,2179,5234,2005-01-10,4727,09/15/10,1773,5090,2009-11-10,4184,2005-05-11,2434,6391,2005-07-11,5872,09/15/11,2109,5692,2009-10-11,3690,2006-07-12,2817,4144,06/16/12,5649,9/13/2012,1984,6429,09/22/2012,5619,2005-02-13,2300,6527,2005-04-13,6351,09/25/13,2593,6261,09/21/13,5405,05/13/14,2585,6453,05/31/2014 07:00:00 AM +0000,4951,2009-09-14,3463,7600,2009-06-14,5494,2005-12-15,2765,7266,2005-09-15,4585
POINT (-73.96276340616201 40.577327141499154),15,Brooklyn,Brighton Beach Avenue,Brighton 4th Street,Brighton 5th Street,Y,5/8/2007,1204,5968,5/5/2007,5178,9/25/2007,1215,6095,9/29/2007,5230,4/30/2008,2002,7419,5/17/2008,7729,09/23/08,1828,6420,09/27/08,5920,05/19/09,1411,6106,2005-09-09,5935,2009-10-09,1537,5590,2010-03-09,6140,05/13/10,1332,5744,2005-08-10,4994,2010-07-10,1489,6080,09/25/10,5098,2005-12-11,1427,5859,05/14/11,4093,2009-08-11,1608,5520,09/24/11,5463,2005-02-12,1183,3189,2006-09-12,4868,9/11/2012,1447,5272,09/15/2012,5747,2005-02-13,1515,5960,05/18/13,5442,2010-02-13,1424,6068,09/28/13,5397,2005-07-14,1596,6037,05/10/2014 07:00:00 AM +0000,4804,2009-09-14,1752,6397,2009-06-14,4453,05/21/15,1368,6314,2005-09-15,4918
POINT (-73.9490813369248 40.65083146771742),16,Brooklyn,Church Avenue,Nostrand Avenue,East 31st Street,Y,5/8/2007,2105,4562,5/5/2007,1703,9/25/2007,2267,4737,9/29/2007,2517,5/1/2008,1681,3702,5/10/2008,2147,09/23/08,2290,3962,09/27/08,2015,05/19/09,2086,4620,2005-09-09,1971,2009-10-09,2045,4470,2010-03-09,1885,05/13/10,2040,4764,2005-08-10,2533,09/15/10,2265,4908,09/25/10,2894,2005-05-11,2309,4858,05/21/11,2628,09/15/11,2151,4220,09/24/11,1927,05/31/12,1268,1113,2006-02-12,3157,9/13/2012,1966,4452,09/22/2012,2540,2005-07-13,2557,4871,2006-01-13,3267,2010-03-13,3074,6095,2010-12-13,3235,05/13/14,2453,5196,05/03/2014 07:00:00 AM +0000,2016,2010-02-14,2792,4516,09/13/14,2768,05/21/15,1925,4137,2005-09-15,2528
POINT (-73.96573732115328 40.64062739307867),17,Brooklyn,Cortelyou Road,Argyle Road,Rugby Road,N,5/8/2007,1708,2459,5/5/2007,1233,9/26/2007,1324,2495,9/29/2007,1431,5/7/2008,1756,1952,5/17/2008,1317,09/23/08,2014,2704,09/27/08,1961,05/19/09,1762,2478,2005-09-09,1553,2009-10-09,1856,2345,2010-03-09,1533,2005-04-10,2110,2977,2005-01-10,1731,2009-08-10,2587,2997,09/18/10,1809,2005-03-11,2195,3492,05/14/11,1883,09/14/11,2489,3097,09/17/11,1823,05/30/12,2120,2381,2005-12-12,1854,9/13/2012,2295,3066,09/22/2012,1755,2005-07-13,2060,2936,2006-01-13,1938,2010-08-13,1743,2692,2010-12-13,1543,05/13/14,1828,3007,05/03/2014 07:00:00 AM +0000,1694,09/16/14,1876,2878,09/13/14,1486,2005-06-15,1880,3042,2005-09-15,1544
POINT (-73.99249336775782 40.689425378246746),18,Brooklyn,Court Street,Atlantic Avenue,Pacific Street,Y,5/8/2007,1910,3716,5/5/2007,3013,9/25/2007,1920,3508,9/29/2007,2293,5/8/2008,1590,3486,5/17/2008,2319,09/17/08,1763,3553,09/13/08,2540,05/20/09,1727,4225,2005-09-09,2863,2009-10-09,1223,2992,2010-03-09,2640,2005-04-10,1573,4214,2005-01-10,2662,09/14/10,1659,4621,09/18/10,3028,2005-12-11,2320,4597,2005-07-11,3887,09/14/11,2096,3915,09/17/11,4100,2005-02-12,1740,2405,2006-09-12,3274,9/11/2012,1932,4402,09/15/2012,3863,05/16/13,1687,5174,05/18/13,3605,09/25/13,1952,5266,09/21/13,3787,05/20/14,1844,4426,05/31/2014 07:00:00 AM +0000,4856,2009-04-14,2126,4943,2009-06-14,4048,05/13/15,1761,4714,05/16/15,7496
POINT (-73.96818725047238 40.672925237190015),19,Brooklyn,Eastern Parkway,Plaza Street East,Underhill Avenue,Y,5/8/2007,739,1572,5/5/2007,2534,9/25/2007,543,1152,9/29/2007,1027,5/1/2008,643,1367,5/10/2008,2999,2009-10-08,785,1274,09/13/08,1759,05/20/09,629,880,2005-09-09,2408,2009-10-09,755,1496,2010-03-09,3102,2005-04-10,577,1647,2005-01-10,2951,2009-08-10,812,1695,09/18/10,2738,2005-05-11,412,1792,04/30/11,4699,2009-07-11,525,1094,09/17/11,2670,05/31/12,571,1133,2006-09-12,2024,9/11/2012,1228,1623,09/15/2012,1842,2005-02-13,970,2269,2005-04-13,4276,2010-03-13,752,2010,2010-05-13,3458,05/13/14,687,2127,05/31/2014 07:00:00 AM +0000,3828,09/30/14,1026,1931,09/13/14,2565,05/27/15,824,1884,05/30/15,2511
POINT (-73.92149523123616 40.608920821455186),20,Brooklyn,Flatbush Avenue,Avenue U,Avenue V,N,5/9/2007,329,1770,5/5/2007,1355,9/25/2007,276,1414,9/29/2007,1036,5/8/2008,254,1401,5/17/2008,1473,09/24/08,286,2034,09/27/08,1238,05/20/09,251,1243,2005-09-09,1251,2009-10-09,436,1573,2010-03-09,1398,2005-04-10,424,1731,2005-01-10,1563,09/14/10,214,1155,09/18/10,989,2005-11-11,269,1083,2005-07-11,1283,09/14/11,184,1079,09/17/11,870,2005-02-12,197,1071,2006-09-12,1765,9/13/2012,347,1554,09/22/2012,1757,05/16/13,312,1827,2005-04-13,2077,09/24/13,307,1219,09/28/13,2014,05/13/14,325,1618,05/03/2014 07:00:00 AM +0000,1919,2009-09-14,273,1622,09/13/14,1500,2005-06-15,453,1661,2005-09-15,1523
POINT (-73.958821842278 40.65081053674954),21,Brooklyn,Flatbush Avenue,Martense Street,Church Avenue,Y,5/10/2007,978,5240,5/5/2007,5106,9/25/2007,917,4188,9/29/2007,3097,4/30/2008,772,3181,5/10/2008,2023,09/24/08,1101,5312,09/27/08,2351,05/20/09,795,5640,2005-09-09,1985,2009-10-09,1029,4897,2010-03-09,3047,05/13/10,1311,4775,2005-08-10,2678,09/23/10,1186,4813,2009-11-10,4735,2005-04-11,837,3982,05/14/11,2197,09/20/11,978,4959,09/17/11,3917,05/22/12,605,482,2006-02-12,1855,9/13/2012,1011,4044,09/22/2012,3530,2005-07-13,1068,4481,2006-01-13,3463,2010-03-13,1046,4091,2010-12-13,3695,05/13/14,912,4854,05/10/2014 07:00:00 AM +0000,2505,2010-02-14,960,3974,2009-06-14,2338,2005-06-15,858,3832,05/16/15,3665
POINT (-73.97390965382404 40.67918699313477),22,Brooklyn,Flatbush Avenue,St. Marks Avenue,Prospect Place,N,5/17/2007,497,1413,5/5/2007,1478,9/25/2007,547,1095,9/29/2007,1191,4/30/2008,477,1675,5/3/2008,1211,2009-10-08,582,1645,09/13/08,1204,05/20/09,544,1499,2005-09-09,1378,2009-10-09,539,1568,2010-03-09,1223,2005-04-10,584,1462,2005-01-10,1787,2009-08-10,529,1616,09/18/10,1168,05/19/11,566,1794,04/30/11,1568,2009-07-11,513,1909,09/17/11,1336,2005-10-12,1435,1672,05/19/12,2007,9/11/2012,645,1723,09/15/2012,1727,2005-02-13,527,2083,2005-04-13,2233,2010-03-13,759,2257,2010-05-13,1631,05/14/14,631,1795,05/31/2014 07:00:00 AM +0000,1920,2010-02-14,729,1660,09/13/14,1583,05/27/15,699,2090,05/30/15,1699
POINT (-73.98588670734846 40.69087186438648),23,Brooklyn,Fulton Street,Lawrence Street,Bridge Street,Y,5/17/2007,1478,12249,5/5/2007,7411,9/26/2007,1803,14617,9/29/2007,8643,5/8/2008,1789,15733,5/17/2008,5051,09/17/08,1673,9081,09/13/08,6790,05/21/09,1548,11949,2005-09-09,6307,2009-10-09,1330,11540,2010-03-09,7892,2005-04-10,1209,9358,2005-01-10,7390,09/15/10,1271,10239,09/18/10,6091,2005-11-11,1507,9556,2005-07-11,6993,09/15/11,1507,8732,09/17/11,5690,05/30/12,1431,4254,2006-09-12,3267,9/12/2012,1791,9605,09/22/2012,6033,2005-01-13,1858,11211,2006-01-13,6932,09/25/13,1981,11392,09/21/13,6045,05/20/14,1865,10265,05/31/2014 07:00:00 AM +0000,6022,2009-04-14,2014,11906,2009-06-14,5999,05/13/15,2006,11648,05/16/15,7232
POINT (-73.94255463338312 40.70340826463379),24,Brooklyn,Graham Avenue,Moore Street,Varet Street,Y,5/8/2007,864,3732,5/5/2007,2863,9/25/2007,854,3322,9/29/2007,3785,4/30/2008,740,3066,5/3/2008,2552,2009-10-08,793,2814,09/13/08,3020,05/21/09,1025,4689,2005-09-09,3161,2009-10-09,734,3071,2010-03-09,2370,05/13/10,867,2880,2005-08-10,2940,09/15/10,885,2710,09/18/10,2807,2005-05-11,882,4629,2005-07-11,2751,09/20/11,1031,4959,09/17/11,1953,2006-06-12,886,2172,2006-09-12,607,9/13/2012,995,4250,09/22/2012,4025,2005-02-13,818,4435,2005-04-13,4035,09/25/13,905,3921,2011-09-13,3626,05/13/14,995,4051,05/10/2014 07:00:00 AM +0000,4952,2010-09-14,944,4006,2009-06-14,3491,2005-12-15,742,3493,2005-09-15,3812
POINT (-73.94466680434157 40.711569220330276),25,Brooklyn,Grand Street,Manhattan Avenue,Graham Avenue,N,5/9/2007,401,1772,5/5/2007,1305,9/25/2007,918,3090,9/29/2007,1893,4/30/2008,359,1063,5/3/2008,729,2009-10-08,488,1106,09/13/08,1392,05/21/09,316,980,2005-09-09,817,2009-10-09,365,1468,2010-03-09,1303,05/13/10,495,1563,2005-08-10,1326,09/14/10,593,1446,09/18/10,1304,2005-05-11,316,1433,2005-07-11,1228,09/20/11,554,2174,09/17/11,1199,2006-07-12,465,829,2006-09-12,1352,9/13/2012,411,1249,09/22/2012,1117,2005-02-13,479,1596,2005-04-13,1655,09/25/13,526,1571,09/21/13,1280,05/13/14,632,1857,05/31/2014 07:00:00 AM +0000,1680,2010-02-14,573,1537,2009-06-14,1363,2005-12-15,487,1446,2005-09-15,1233
POINT (-73.98727479290575 40.69272414021878),26,Brooklyn,Jay Street,Willoughby Street,Metrotech Walk,Y,5/17/2007,1946,3552,5/5/2007,3066,9/25/2007,3280,6321,9/29/2007,1478,5/8/2008,2636,5102,5/17/2008,1024,09/17/08,2770,4956,09/13/08,1435,05/21/09,2519,5538,05/16/09,1383,2009-10-09,2856,3665,2010-03-09,962,2005-04-10,3201,8284,2005-01-10,2572,09/23/10,2384,3781,09/18/10,1496,2005-11-11,2259,3458,2005-07-11,1530,09/14/11,3240,4962,09/17/11,1756,2006-07-12,2850,3362,05/19/12,2432,9/12/2012,4210,7426,09/22/2012,2605,2005-01-13,3758,6695,2006-01-13,2367,09/25/13,3960,6873,09/21/13,1852,05/20/14,2846,5959,05/31/2014 07:00:00 AM +0000,2379,2009-11-14,2439,4358,2009-06-14,1863,05/13/15,4151,6908,05/16/15,2361
POINT (-73.95959352755622 40.608201460936),27,Brooklyn,Kings Highway,East 13th Street,East 14th Street,N,5/17/2007,1368,4727,5/5/2007,2866,9/25/2007,887,3524,9/29/2007,2125,5/1/2008,1382,4287,5/3/2008,2699,09/24/08,1541,5990,09/27/08,3059,05/21/09,1156,5009,05/16/09,3390,2009-10-09,1766,5651,2010-03-09,3174,2005-05-10,1507,5041,2005-08-10,2966,2010-07-10,1479,5117,09/25/10,2562,2005-10-11,1980,5447,05/14/11,2886,09/20/11,2126,5995,09/24/11,3610,2006-06-12,1476,3426,2006-09-12,1996,9/12/2012,1744,5673,10/20/2012,2766,05/21/13,1552,5581,2006-01-13,2585,2010-01-13,2397,6054,09/28/13,3471,05/20/14,1512,4987,06/07/2014 07:00:00 AM +0000,2657,2009-11-14,1636,5081,09/20/14,2890,2006-03-15,1653,4708,2005-09-15,2592
POINT (-73.99336426671388 40.694534861508515),28,Brooklyn,Montague Street,Henry Street,Clinton Street,Y,5/8/2007,1476,4567,5/5/2007,2914,9/25/2007,1438,4231,9/29/2007,2842,5/8/2008,1363,4318,5/17/2008,2863,09/17/08,1547,3762,09/13/08,3672,05/21/09,1202,4089,05/16/09,3078,2009-10-09,1249,3849,2010-03-09,2520,2005-04-10,1393,3896,2005-01-10,3660,09/15/10,1365,5372,09/18/10,2802,2005-11-11,1374,5441,2005-07-11,3659,09/15/11,1595,4564,09/17/11,3754,05/30/12,1496,2920,2006-02-12,3453,9/12/2012,1482,4532,09/15/2012,4419,05/16/13,1251,4861,05/18/13,3189,09/25/13,1247,3998,09/21/13,2795,05/20/14,1389,4766,05/31/2014 07:00:00 AM +0000,2946,2009-11-14,1235,3737,2009-06-14,2920,2006-02-15,1404,4932,2005-09-15,3042
POINT (-73.96931991427783 40.69311464675988),29,Brooklyn,Myrtle Avenue,Vanderbilt Avenue,Clinton Avenue,N,-,0,0,-,0,9/25/2007,1129,1818,9/29/2007,1182,4/30/2008,735,1131,5/3/2008,856,-,0,0,-,0,05/21/09,622,1689,05/16/09,1135,2009-10-09,609,1272,2010-10-09,1122,05/13/10,660,1565,2005-08-10,1237,09/14/10,955,1315,09/25/10,1366,2005-05-11,1055,2432,2005-07-11,1329,09/20/11,1073,2129,09/24/11,1228,2006-06-12,601,1363,2006-09-12,1764,9/13/2012,1040,2223,09/22/2012,1705,2005-01-13,1182,2214,2005-04-13,1843,2011-06-13,1380,2585,2010-05-13,1717,05/13/14,1090,3713,05/03/2014 07:00:00 AM +0000,1457,09/17/14,812,1561,09/20/14,2025,2005-12-15,1271,2267,2005-09-15,1456
POINT (-73.99399680760817 40.70274648278771),30,Brooklyn,Old Fulton Street,Elizabeth Place,Everit Place,N,5/15/2007,141,600,5/12/2007,875,9/26/2007,397,783,9/29/2007,658,5/8/2008,98,758,5/17/2008,807,09/17/08,133,923,09/13/08,1128,05/21/09,103,248,05/16/09,1178,2009-10-09,67,332,2010-03-09,1349,05/13/10,116,996,2005-01-10,1644,09/15/10,157,1382,09/18/10,1846,2005-11-11,143,1185,2005-07-11,1588,09/15/11,178,984,09/17/11,1604,05/31/12,222,990,2006-02-12,1773,9/12/2012,173,1260,09/22/2012,2572,05/16/13,210,3134,2005-04-13,2325,09/25/13,253,1620,2010-05-13,2438,05/20/14,208,1835,05/31/2014 07:00:00 AM +0000,2578,2009-11-14,183,2174,2009-06-14,2185,05/27/15,326,2888,2005-09-15,4052
POINT (-73.91307856842985 40.6693345619301),31,Brooklyn,Pitkin Avenue,Bristol Street,Hopkinson Avenue,Y,5/15/2007,572,3355,5/12/2007,2720,9/26/2007,686,3312,9/29/2007,3131,5/7/2008,546,3372,5/17/2008,3254,09/24/08,658,2555,09/20/08,2584,05/21/09,601,3753,05/16/09,1628,2009-10-09,664,3174,2010-03-09,2270,2005-04-10,669,4368,2005-01-10,3276,09/14/10,980,2255,09/25/10,2530,2005-05-11,666,3112,05/21/11,2657,2009-08-11,518,1647,09/24/11,1230,05/16/12,627,2010,2006-09-12,2518,9/13/2012,840,3388,09/22/2012,2534,2005-02-13,744,3365,2005-04-13,2631,2010-01-13,1791,3873,09/21/13,2863,05/13/14,672,2262,05/03/2014 07:00:00 AM +0000,1622,2009-09-14,757,2441,2009-06-14,1922,05/21/15,938,2343,05/30/15,2222
POINT (-73.95475091689505 40.5875434048519),32,Brooklyn,Sheepshead Bay Road,East 14th Street,East 15th Street,Y,5/16/2007,1580,2215,5/19/2007,1785,9/25/2007,1205,2953,9/29/2007,1848,5/7/2008,1579,3289,5/10/2008,1781,09/24/08,1546,3624,09/20/08,2003,05/21/09,1582,3094,05/23/09,1967,2009-10-09,1676,3513,2010-03-09,1448,05/26/10,1614,3663,05/15/10,1784,09/23/10,1654,2423,09/25/10,1327,2005-10-11,1554,3453,05/14/11,1893,2009-08-11,1932,3776,09/24/11,1395,2005-02-12,1881,2229,2006-09-12,1706,9/11/2012,1729,3396,09/15/2012,1825,05/21/13,1541,2855,2006-01-13,1271,2010-01-13,1618,3041,09/21/13,1557,2005-08-14,1418,2627,05/10/2014 07:00:00 AM +0000,1366,09/17/14,1543,2706,09/20/14,1381,2005-06-15,1576,3211,05/30/15,1220
POINT (-74.01511472616961 40.6754655968834),33,Brooklyn,VanBrunt Street,Beard Street,VanDike Street,N,5/15/2007,90,232,5/19/2007,170,9/25/2007,112,317,9/29/2007,235,5/8/2008,138,380,5/17/2008,220,09/23/08,138,490,09/20/08,269,05/21/09,112,186,05/23/09,105,2009-10-09,100,204,2010-03-09,251,05/13/10,92,91,2005-08-10,264,09/15/10,151,304,09/25/10,267,2005-10-11,90,251,2005-07-11,380,2009-08-11,123,246,09/24/11,425,2006-06-12,110,516,2005-12-12,183,9/11/2012,112,303,09/15/2012,493,05/14/13,101,290,05/18/13,300,2010-02-13,123,309,09/21/13,469,05/14/14,68,260,05/10/2014 07:00:00 AM +0000,350,2009-11-14,85,336,2009-06-14,351,2005-12-15,111,295,05/30/15,468
POINT (-73.9896033021975 40.70286152715003),34,Brooklyn,Washington Street,Front Street,Water Street,N,5/10/2007,546,1387,5/5/2007,851,9/26/2007,556,1550,9/29/2007,826,5/8/2008,544,1476,5/17/2008,1390,09/17/08,549,1976,09/13/08,833,05/21/09,1181,995,05/23/09,1264,2009-10-09,977,1188,2010-03-09,1170,2005-04-10,525,1892,2005-01-10,1576,09/15/10,466,2048,09/18/10,809,2005-12-11,558,2508,2005-07-11,1232,09/15/11,732,1972,09/17/11,1469,2006-05-12,604,1557,2006-09-12,1002,9/12/2012,257,1371,09/22/2012,1406,2005-01-13,742,3009,2006-01-13,1408,09/25/13,849,2156,09/21/13,1547,05/20/14,737,3362,05/31/2014 07:00:00 AM +0000,1691,2009-11-14,780,3184,2009-06-14,1349,05/28/15,487,1799,2005-09-15,1588
POINT (-74.01155687409954 40.70463665187375),35,Manhattan,Broad Street,Beaver Street,South William Street,Y,5/9/2007,3469,3992,5/19/2007,599,9/26/2007,4214,12879,9/29/2007,8077,5/8/2008,4231,7042,5/17/2008,1157,09/25/08,3906,7307,2009-06-08,1171,05/21/09,4745,5954,05/23/09,1112,09/22/09,2421,6724,2009-12-09,1030,2005-04-10,3696,5944,2005-08-10,737,09/23/10,4013,6014,09/25/10,922,05/18/11,3879,6839,2005-07-11,853,2009-08-11,4254,5989,09/24/11,1681,05/23/12,4495,4437,2006-09-12,1175,9/12/2012,4302,6257,09/15/2012,1341,2005-01-13,2865,4874,05/18/13,1273,2010-03-13,3758,5843,09/28/13,1466,2005-06-14,3666,5845,05/03/2014 07:00:00 AM +0000,1149,09/16/14,3383,5154,2009-06-14,954,2005-12-15,4177,6445,2005-09-15,993
POINT (-74.01286204592041 40.70634164448272),36,Manhattan,Broadway,Morris Street,Exchange Place,Y,5/16/2007,3660,8390,5/19/2007,2361,9/26/2007,4507,15554,9/29/2007,12748,4/30/2008,3110,7880,5/17/2008,4098,09/25/08,4483,11912,2009-06-08,3528,05/21/09,3085,7169,05/23/09,5281,09/22/09,5206,12034,2009-12-09,6513,05/13/10,4896,11032,2005-08-10,3907,2009-08-10,4644,10890,09/18/10,6569,2005-12-11,4357,9628,05/14/11,4097,2009-08-11,3838,10699,09/17/11,6962,05/31/12,5462,9308,2006-09-12,5350,10/17/2012,5021,12183,09/15/2012,6297,2005-02-13,4964,12371,05/18/13,6990,2010-03-13,5121,11809,09/21/13,7564,05/20/14,5744,12666,05/03/2014 07:00:00 AM +0000,7947,09/17/14,5732,16251,2009-06-14,4691,05/13/15,5416,14507,05/30/15,8321
POINT (-73.98219706247889 40.7718134030119),37,Manhattan,Broadway,West 63rd Street,West 64th Street,Y,5/17/2007,1611,6764,5/12/2007,4592,9/26/2007,1805,5674,9/29/2007,4111,4/29/2008,1293,6024,5/10/2008,5804,09/24/08,2616,8454,09/20/08,5178,05/21/09,1620,2654,05/23/09,5207,09/22/09,2718,6600,2009-12-09,4236,2005-04-10,1988,8750,05/15/10,5390,2009-08-10,2447,9057,2009-11-10,6147,2005-10-11,1999,8878,04/30/11,5799,2009-07-11,1687,7388,2009-10-11,4793,2005-02-12,2086,4690,2006-09-12,8376,10/18/2012,1881,8696,09/22/2012,6809,2005-01-13,1986,9375,2005-04-13,6034,2010-02-13,2577,9566,2010-05-13,7064,05/13/14,1775,7707,05/03/2014 07:00:00 AM +0000,5919,2009-04-14,2686,7916,09/20/14,4462,05/21/15,1870,8996,05/16/15,7676
POINT (-74.01009312926126 40.71590455900424),38,Manhattan,Chambers Street,West Broadway,Greenwich Street,Y,5/16/2007,7081,8512,5/19/2007,2061,9/26/2007,7192,8513,9/29/2007,5204,4/30/2008,6556,10440,5/17/2008,2145,09/25/08,5333,5097,2009-06-08,2675,05/27/09,7466,10866,05/23/09,1696,09/22/09,8091,8273,2009-12-09,1612,2005-04-10,6318,9575,2005-01-10,6305,09/23/10,8909,11065,09/25/10,2983,2005-05-11,6905,11192,05/14/11,2677,2009-08-11,14456,11407,09/24/11,4674,05/30/12,5765,4266,2006-09-12,2939,9/12/2012,8185,10981,09/15/2012,4144,2005-02-13,7735,9680,05/18/13,4100,2010-02-13,8232,9661,09/21/13,3627,05/13/14,8140,10248,05/10/2014 07:00:00 AM +0000,1580,2009-04-14,8806,10478,09/13/14,1538,05/13/15,8324,9689,2005-09-15,2422
POINT (-73.9771357990802 40.77968082763135),39,Manhattan,Columbus Avenue,West 75th Street,West 76th Street,N,5/17/2007,1071,3037,5/12/2007,3500,9/26/2007,1189,2748,9/29/2007,2523,4/29/2008,895,2385,5/10/2008,3910,09/24/08,1172,3306,09/20/08,3171,05/27/09,1041,1761,05/23/09,3084,09/22/09,2248,4408,2009-12-09,2629,2005-04-10,1507,3464,05/15/10,3633,09/15/10,1632,3907,2009-11-10,3407,2005-10-11,1520,4024,04/30/11,4157,2009-08-11,1497,3598,2009-10-11,2442,2005-02-12,1603,2283,2005-05-12,3703,9/12/2012,1601,3898,09/22/2012,4216,2005-01-13,1676,4358,2005-04-13,4968,2010-02-13,1646,3998,2010-05-13,4070,05/13/14,1451,4420,05/03/2014 07:00:00 AM +0000,4246,2009-04-14,1633,3272,09/13/14,3271,2005-06-15,1218,4604,2005-09-15,6597
POINT (-73.98936305063118 40.71898935935359),40,Manhattan,Delancey Street,Orchard Street,Ludlow Street,Y,5/10/2007,1085,2733,5/19/2007,2529,9/26/2007,1433,4104,9/29/2007,2701,5/8/2008,1015,2947,5/17/2008,2718,2009-11-08,958,2218,09/13/08,1635,05/27/09,869,1680,05/23/09,1378,09/22/09,1664,4708,2009-12-09,2233,2005-04-10,940,2702,2005-01-10,2093,09/14/10,1396,2912,09/18/10,1861,2005-04-11,1036,2741,04/30/11,2119,09/13/11,969,2606,2009-10-11,1592,05/31/12,1451,2495,2006-09-12,2514,9/12/2012,1616,4262,09/15/2012,3385,2005-02-13,1472,4415,2005-04-13,3776,2010-02-13,1594,4278,2010-05-13,2951,2005-07-14,1558,4792,05/10/2014 07:00:00 AM +0000,2809,09/18/14,1636,4480,09/13/14,2626,2005-06-15,1357,4543,05/16/15,3367
POINT (-73.9926574847109 40.73559926423829),41,Manhattan,East 14th Street,Fifth Avenue,University Place,Y,5/17/2007,2265,13723,5/12/2007,4761,9/26/2007,2084,13965,9/29/2007,5004,5/6/2008,3000,11119,5/3/2008,10041,09/16/08,2682,14451,09/13/08,7391,05/27/09,2946,17128,05/23/09,7151,09/23/09,3135,15654,2009-12-09,7300,2005-05-10,2480,13830,2005-08-10,6559,09/14/10,2952,14895,2009-11-10,6008,2005-12-11,2726,18830,2005-07-11,9130,2009-08-11,2803,16102,2009-10-11,7005,05/31/12,2607,8641,2006-09-12,8997,9/12/2012,2730,13560,09/22/2012,8102,2005-01-13,3034,17519,2005-04-13,8918,2010-03-13,2930,14597,2010-05-13,7377,05/20/14,3029,12888,05/10/2014 07:00:00 AM +0000,8876,09/18/14,3248,14486,2009-06-14,6765,05/21/15,3462,13830,05/16/15,9616
POINT (-73.97665547944722 40.75169473512388),42,Manhattan,East 42nd Street,Park Avenue,Lexington Avenue,Y,5/15/2007,7485,15513,5/12/2007,6239,9/26/2007,6664,16133,9/29/2007,4885,4/30/2008,6149,15315,5/3/2008,4689,09/25/08,5437,13819,09/20/08,6455,05/27/09,8306,21051,05/23/09,6303,09/23/09,7433,20672,2009-12-09,5006,05/13/10,7210,17256,2005-08-10,5715,09/23/10,9320,16289,2009-11-10,5193,2005-10-11,7149,16756,04/30/11,6308,09/13/11,8729,16342,09/17/11,5287,05/30/12,8083,12937,2006-09-12,6480,9/11/2012,7362,16933,09/15/2012,6857,2005-01-13,7478,18085,2005-04-13,6703,2010-02-13,7700,17327,09/28/13,7617,2005-07-14,8461,17127,05/31/2014 07:00:00 AM +0000,5692,09/23/14,7278,18044,09/27/14,4682,2005-12-15,8428,16039,2005-09-15,6560
POINT (-73.99441204702933 40.73143601770706),43,Manhattan,East 8th Street,University Place,Greene Street,N,5/17/2007,944,5422,5/12/2007,2254,9/26/2007,952,5782,9/29/2007,2736,5/6/2008,1052,6359,5/3/2008,3097,09/16/08,975,5623,09/13/08,2947,05/27/09,884,4929,2005-09-09,2506,09/23/09,1064,5810,2009-12-09,2736,2005-05-10,1035,5137,2005-08-10,2588,09/14/10,1291,5350,2009-11-10,2367,2005-12-11,926,5171,2005-07-11,2968,2009-08-11,980,5290,2009-10-11,2417,05/31/12,1134,2830,2006-09-12,2846,9/13/2012,1084,6025,09/22/2012,2600,2005-01-13,1111,5771,2005-04-13,2830,2010-03-13,1087,5550,2010-05-13,3066,05/22/14,824,3902,05/10/2014 07:00:00 AM +0000,2237,09/16/14,1200,5118,2009-06-14,2335,05/21/15,1113,3873,05/16/15,2756
POINT (-73.98861503057549 40.758848283521296),44,Manhattan,Eighth Avenue,West 44th Street,West 45th Street,N,5/15/2007,2735,8412,5/12/2007,12143,9/26/2007,8533,23290,9/29/2007,16629,4/30/2008,10246,33290,5/3/2008,13498,09/25/08,5753,13671,09/20/08,9753,05/27/09,8366,16730,05/23/09,5749,09/22/09,7495,14628,2009-12-09,4423,2005-06-10,5196,16136,05/15/10,8685,09/22/10,3841,10130,2009-11-10,7476,05/18/11,6058,20010,2005-07-11,7261,09/13/11,5684,13805,09/17/11,8406,05/30/12,5608,13250,2006-02-12,9213,9/11/2012,6265,18303,09/22/2012,9065,2005-01-13,6561,19195,2005-04-13,9577,2010-02-13,6729,18822,09/28/13,9879,05/13/14,7027,17164,05/10/2014 07:00:00 AM +0000,7998,2009-09-14,7906,21946,2009-06-14,10243,05/13/15,8133,22625,2005-09-15,8990
POINT (-73.97514418621742 40.761353610911776),45,Manhattan,Fifth Avenue,East 54th Street,East 55th Street,Y,5/15/2007,3081,16471,5/12/2007,13891,9/26/2007,3432,23840,9/29/2007,11707,4/30/2008,3974,25732,5/3/2008,18273,09/25/08,4089,20929,09/20/08,16307,05/27/09,3385,20508,05/23/09,10507,09/22/09,8483,22495,2009-12-09,11485,2005-04-10,4013,18701,2005-08-10,12727,09/14/10,3771,24601,2009-11-10,12752,2005-12-11,3285,26106,05/14/11,12370,09/13/11,3968,18993,09/17/11,15946,05/30/12,3189,14533,2006-02-12,13555,10/17/2012,3472,22800,09/15/2012,14405,2005-07-13,3858,20485,05/18/13,15398,2010-02-13,3951,20202,2010-05-13,14353,05/13/14,3616,20639,05/03/2014 07:00:00 AM +0000,16089,2010-02-14,3980,20528,09/13/14,15513,2005-12-15,4113,26831,2005-09-15,12417
POINT (-73.99451531515774 40.71493552371378),46,Manhattan,Forsyth Street,Canal Street,Division Street,N,5/15/2007,1373,7481,5/12/2007,4703,9/26/2007,1290,3506,9/29/2007,3583,5/8/2008,1190,4763,5/17/2008,4504,09/16/08,1598,5879,09/27/08,5347,05/28/09,1269,5187,05/23/09,4981,09/22/09,2184,6998,2009-12-09,3800,2005-04-10,1353,5832,2005-01-10,4961,2010-07-10,2660,4606,09/25/10,3443,2005-11-11,1150,5796,05/14/11,3298,09/13/11,1217,5186,2009-10-11,2888,05/23/12,1153,3570,2006-02-12,4359,9/12/2012,1537,5951,09/15/2012,4342,2005-02-13,1586,4688,2005-04-13,3965,2011-06-13,1671,4954,2010-05-13,3869,05/13/14,1552,5110,05/03/2014 07:00:00 AM +0000,3810,09/18/14,1517,5461,09/13/14,3043,05/21/15,1297,6222,05/16/15,3029
POINT (-74.00840364867575 40.71055376746075),47,Manhattan,Fulton Street,Broadway,Nassau Street,Y,5/16/2007,4530,9162,5/19/2007,2495,9/26/2007,3446,5498,9/29/2007,1835,4/30/2008,4614,9415,5/17/2008,3553,09/16/08,5041,9322,2009-06-08,2043,05/28/09,5539,8901,05/23/09,2464,09/22/09,2544,6708,2009-12-09,2847,05/13/10,3922,7398,05/15/10,2319,09/23/10,4280,8945,2009-11-10,4578,2005-04-11,3881,7535,05/14/11,3855,2009-08-11,4137,10248,2009-10-11,4274,05/31/12,4192,6091,2006-09-12,3172,9/12/2012,4635,9180,09/15/2012,3327,2005-02-13,4543,8727,05/18/13,3473,2010-02-13,4216,7922,09/21/13,3202,05/20/14,3425,7732,05/31/2014 07:00:00 AM +0000,2698,09/23/14,3457,7212,09/20/14,1856,05/21/15,3595,8002,2005-09-15,2259
POINT (-74.00451806937409 40.708062720957734),48,Manhattan,Fulton Street,Cliff Street,Pearl Street,N,5/10/2007,2593,6755,5/19/2007,3167,9/26/2007,1902,5113,9/29/2007,2637,5/8/2008,2112,8540,5/17/2008,4686,09/16/08,2596,7309,2009-06-08,2888,05/28/09,3544,7324,05/23/09,2992,09/22/09,2098,5479,2009-12-09,2685,05/13/10,1982,6308,05/15/10,2593,09/14/10,2647,7119,09/25/10,2502,05/19/11,2633,8206,2005-07-11,5151,2009-07-11,2091,5561,09/24/11,3650,05/30/12,2611,4285,2006-09-12,3775,9/12/2012,2760,7767,09/15/2012,3652,2005-01-13,2887,7392,05/18/13,4899,2010-02-13,2732,5578,09/28/13,3251,2005-07-14,2466,5850,05/10/2014 07:00:00 AM +0000,2506,09/16/14,2963,7062,09/13/14,2510,2005-06-15,2584,5436,2005-09-15,3590
POINT (-73.96888735867243 40.76126460795228),49,Manhattan,Lexington Avenue,East 57th Street,East 58th Street,Y,5/15/2007,4502,21634,5/12/2007,5687,9/26/2007,4251,11296,9/29/2007,5302,4/29/2008,4034,20893,5/10/2008,6619,09/24/08,4231,11009,09/27/08,5962,05/28/09,4122,8661,05/23/09,5705,09/22/09,3272,10679,2009-12-09,4786,2005-05-10,4123,11641,05/15/10,4676,09/15/10,5082,11880,2009-11-10,4208,2005-10-11,3742,12143,04/30/11,5814,2009-08-11,3908,11014,2009-10-11,4528,05/17/12,4678,8412,2006-02-12,4332,9/11/2012,4587,12345,09/22/2012,4900,2005-01-13,4138,12682,2005-04-13,5924,2010-01-13,4566,11639,2010-05-13,5661,05/13/14,3800,14129,05/03/2014 07:00:00 AM +0000,5956,09/23/14,4298,11716,09/20/14,5628,05/28/15,3205,8111,05/30/15,5894
POINT (-73.96568512678539 40.771440622634564),50,Manhattan,Madison Avenue,East 71st Street,East 72nd Street,N,5/15/2007,667,3760,5/12/2007,3090,9/26/2007,680,3204,10/6/2007,2495,4/29/2008,571,4254,5/10/2008,3073,09/24/08,1014,2687,09/27/08,4099,05/28/09,677,1726,05/23/09,2088,09/23/09,635,3250,2009-12-09,1817,2005-05-10,706,2918,05/15/10,2830,09/15/10,832,3114,2009-11-10,2340,2005-10-11,712,3602,04/30/11,2895,2009-08-11,611,2998,2009-10-11,2159,2005-02-12,837,2238,2005-05-12,2492,9/11/2012,966,3899,09/22/2012,3283,2005-01-13,729,3183,2005-04-13,3102,2010-02-13,858,3034,2010-05-13,2455,05/13/14,722,3912,05/03/2014 07:00:00 AM +0000,2633,2009-04-14,739,2983,09/20/14,1630,2005-06-15,760,3247,05/30/15,760
POINT (-73.99134284997095 40.74999638706657),51,Manhattan,Seventh Avenue,West 32nd Street,West 33rd Street,Y,5/15/2007,10084,25156,5/12/2007,9261,9/26/2007,8803,23825,10/6/2007,10476,4/30/2008,7566,23312,5/3/2008,11362,09/25/08,8407,24311,09/20/08,11704,05/28/09,7356,29526,05/23/09,12533,09/23/09,13552,27632,2009-12-09,11537,2005-05-10,12189,22390,2005-08-10,10615,09/22/10,8422,22613,2009-11-10,10902,05/19/11,8954,23314,04/30/11,10625,09/13/11,11445,23015,2009-10-11,12765,05/30/12,10782,18101,2006-09-12,12342,9/13/2012,13647,28208,09/15/2012,10690,2005-02-13,11898,26609,05/18/13,11146,2010-03-13,12365,28392,2010-05-13,11374,05/20/14,13677,26062,05/03/2014 07:00:00 AM +0000,11781,2010-02-14,12246,27744,09/20/14,10281,05/14/15,17191,35990,2005-09-15,50827
POINT (-74.0125753754199 40.70835161274037),52,Manhattan,Trinity Place,Rector Street,Thames Street,N,5/10/2007,4552,7164,5/5/2007,2286,9/26/2007,4982,14290,10/6/2007,9826,4/30/2008,4814,7983,5/17/2008,2754,09/25/08,3362,5228,2009-06-08,1688,2005-06-09,2770,4090,05/23/09,2393,09/23/09,4886,5836,2009-12-09,2634,2005-05-10,2224,3889,2005-08-10,1808,2010-07-10,3107,4424,09/18/10,2570,05/24/11,2629,4933,04/30/11,2270,2009-08-11,2701,4312,09/17/11,3636,05/30/12,2283,3602,2006-09-12,2734,9/12/2012,2821,4897,09/15/2012,3033,2005-02-13,2216,4530,05/18/13,3238,2010-03-13,2512,4332,09/21/13,2627,05/21/14,2431,4504,05/10/2014 07:00:00 AM +0000,3980,09/17/14,2346,5095,09/27/14,1738,05/14/15,3007,5964,2005-09-15,3744
POINT (-74.01098647762815 40.707335375590674),53,Manhattan,Wall Street,New Street,Nassau Street,Y,5/9/2007,3784,5560,5/5/2007,2733,9/26/2007,8065,14469,9/29/2007,8295,4/30/2008,6842,11264,5/17/2008,4814,09/25/08,7476,15167,2009-06-08,4035,05/27/09,6149,9608,05/23/09,4402,09/23/09,3506,12635,2009-12-09,5695,2005-04-10,6247,12186,2005-01-10,3755,09/28/10,6885,14303,09/25/10,4636,2005-12-11,6485,13176,04/30/11,5906,2009-08-11,6219,13724,09/24/11,6742,05/30/12,6004,7844,2006-09-12,6167,9/12/2012,6733,11023,09/15/2012,5284,2005-02-13,5354,11111,05/18/13,5430,2010-03-13,5405,10140,09/21/13,5763,05/15/14,6072,10741,05/31/2014 07:00:00 AM +0000,5827,2009-09-14,7981,11310,09/13/14,4959,2005-06-15,5681,10717,05/30/15,5430
POINT (-73.94703781905254 40.80842973710492),54,Manhattan,West 125th Street,Adam C. Powell Boulevard,Lenox Avenue,Y,5/9/2007,1706,7519,5/19/2007,3949,9/27/2007,1638,7546,9/29/2007,5084,5/8/2008,1921,7831,5/10/2008,5219,09/25/08,2152,7681,09/27/08,4484,2005-06-09,1277,8561,05/23/09,3984,09/23/09,2398,7903,2009-12-09,5492,2005-04-10,2042,7855,2005-01-10,7142,09/23/10,2388,8710,09/18/10,6443,05/19/11,2231,8165,2005-07-11,6800,09/13/11,2582,8638,09/17/11,6698,2005-02-12,1900,5255,2005-05-12,5603,9/12/2012,2126,8851,09/15/2012,5540,2005-07-13,2121,9253,05/18/13,5586,2010-01-13,2476,9667,2010-05-13,5256,05/15/14,2123,8114,05/10/2014 07:00:00 AM +0000,5767,09/23/14,1985,7754,09/20/14,5434,2005-06-15,2308,8328,2005-09-15,5792
POINT (-74.00384095197933 40.740305392828965),55,Manhattan,West 14th Street,Hudson Street,Eighth Avenue,Y,5/17/2007,1540,5089,5/12/2007,2960,9/27/2007,1902,5474,10/6/2007,2337,5/6/2008,1520,6274,5/3/2008,2701,09/16/08,1568,5664,09/13/08,2936,2005-06-09,1360,6047,05/23/09,2485,09/23/09,2047,6649,2009-12-09,3890,2005-05-10,1458,6221,2005-08-10,3057,2009-08-10,2159,7055,2009-11-10,3974,2005-12-11,1800,8911,2005-07-11,4963,2009-08-11,1949,11166,2009-10-11,3514,05/31/12,2106,4993,2006-09-12,4335,9/13/2012,2024,9462,09/22/2012,5285,2005-01-13,2078,9234,2005-04-13,5257,2010-03-13,2176,9180,2010-05-13,4950,05/21/14,5272,11953,05/10/2014 07:00:00 AM +0000,6519,09/17/14,2032,8263,2009-06-14,4419,05/27/15,1935,8995,05/16/15,4635
POINT (-73.93434784508344 40.84958094443508),56,Manhattan,West 181st Street,St. Nicholas Avenue,Wadsworth Avenue,Y,5/8/2007,1305,6516,5/19/2007,3281,9/25/2007,1685,5562,9/29/2007,4725,4/29/2008,1071,7420,5/10/2008,4174,09/16/08,1238,7394,09/20/08,4432,2005-06-09,1032,6680,05/23/09,4881,09/23/09,1212,8747,2009-12-09,3926,2005-12-10,1448,8364,05/15/10,4679,09/14/10,1212,7940,2009-11-10,5056,05/24/11,1375,8257,05/21/11,4476,09/13/11,1198,8012,2009-10-11,5040,2005-03-12,1307,5254,2006-09-12,5567,9/13/2012,1245,6921,09/22/2012,7461,2005-07-13,1266,7442,05/18/13,5704,2010-01-13,1321,7409,2010-05-13,6194,05/22/14,1372,7225,05/31/2014 07:00:00 AM +0000,4492,2010-02-14,1399,7357,2009-06-14,6125,05/21/15,1380,7230,05/30/15,4512
POINT (-73.98934552114234 40.75045405486473),57,Manhattan,West 34th Street,Broadway,Seventh Avenue,Y,5/15/2007,12000,28123,5/12/2007,12528,9/27/2007,10326,32673,10/6/2007,14201,4/30/2008,12391,32736,5/3/2008,14646,09/25/08,11051,29019,09/20/08,16268,2005-06-09,12690,21943,05/23/09,13971,09/23/09,11941,27764,09/26/09,12044,2005-04-10,13421,30544,05/15/10,10055,09/23/10,10010,30103,09/25/10,9900,2005-10-11,9969,31701,04/30/11,14182,09/13/11,11279,27249,2009-10-11,11137,05/30/12,13645,18969,2006-02-12,13790,9/11/2012,13348,26865,09/15/2012,13036,2005-02-13,11672,28348,05/18/13,15594,2010-03-13,12232,30743,09/28/13,13107,05/20/14,15806,29150,05/03/2014 07:00:00 AM +0000,10806,2009-09-14,13152,25591,09/20/14,12222,2005-06-15,12297,26852,2005-09-15,12297
POINT (-73.98335689692988 40.75284360634037),58,Manhattan,West 40th Street,Avenue of the Americas,Fifth Avenue,Y,5/15/2007,5454,11571,5/12/2007,2639,9/27/2007,5284,11208,10/6/2007,2606,4/30/2008,6019,10301,5/3/2008,2175,09/25/08,6258,8616,09/20/08,2905,2005-06-09,5064,10654,05/23/09,1664,09/23/09,6160,13985,09/26/09,2136,2005-06-10,6479,11224,05/15/10,2868,09/23/10,7467,12457,2009-11-10,2417,05/19/11,5540,11750,05/14/11,2943,09/14/11,6362,11933,2009-10-11,1973,05/30/12,8340,8884,2006-02-12,2616,9/11/2012,7269,14127,09/15/2012,3055,2005-01-13,5930,12133,2005-04-13,2321,2010-03-13,6499,12234,2010-05-13,3167,05/13/14,6020,12837,05/10/2014 07:00:00 AM +0000,1693,2010-02-14,7673,14418,09/20/14,2779,05/20/15,7085,13064,2005-09-15,2413
POINT (-73.9801796262234 40.75733848638992),59,Manhattan,West 47th Street,Avenue of the Americas,Fifth Avenue,N,5/15/2007,3897,14939,5/12/2007,2201,9/27/2007,3043,14487,10/6/2007,1475,5/6/2008,4899,13996,5/3/2008,1401,09/25/08,2953,9805,09/20/08,2389,2005-06-09,3463,10636,05/23/09,2119,09/23/09,3647,10736,09/26/09,1862,2005-05-10,3972,12733,2005-08-10,1765,09/23/10,3941,8928,2009-11-10,1736,2005-12-11,5618,11433,2005-07-11,2623,09/14/11,3348,9064,2009-10-11,1763,05/30/12,3620,8316,2006-02-12,2021,9/11/2012,3450,10003,09/22/2012,2170,2005-01-13,4463,11828,2005-04-13,2227,2010-02-13,4002,12205,09/28/13,1978,2005-06-14,4090,13502,05/17/2014 07:00:00 AM +0000,2681,2009-04-14,5009,12687,09/13/14,2559,05/14/15,4041,12351,05/16/15,2296
POINT (-73.96829307507056 40.75519022033237),60,Manhattan,Second Avenue,50th Street,51st Street,Y,5/15/2007,2335,5371,5/5/2007,2066,9/27/2007,2259,5431,10/6/2007,2047,5/7/2008,2077,4957,5/10/2008,1776,09/16/08,2002,3574,2009-06-08,2202,2005-05-09,1605,4840,05/30/09,1933,09/23/09,1669,4029,09/26/09,1493,2005-06-10,2091,4311,2005-01-10,2690,09/23/10,2162,4299,2009-11-10,2031,2005-04-11,1853,4564,05/14/11,2391,09/13/11,2008,4548,2009-10-11,2181,05/17/12,2159,3654,2006-02-12,2578,9/11/2012,2527,5238,09/15/2012,2767,2005-02-13,2425,5912,2006-01-13,2277,2010-01-13,2415,5529,09/28/13,3284,05/22/14,2507,5358,05/03/2014 07:00:00 AM +0000,2405,2009-04-14,2660,4863,09/27/14,1616,2005-06-15,2257,5259,05/30/15,1872
POINT (-73.97053303867003 40.75613758564416),61,Manhattan,Third Avenue,50th Street,51st Street,N,5/15/2007,5504,8447,5/12/2007,2827,9/27/2007,6329,11003,10/6/2007,2475,5/7/2008,4733,10036,5/10/2008,2296,09/16/08,5547,15473,2009-06-08,2501,2005-05-09,3804,9823,05/30/09,2537,09/23/09,5516,11033,2010-10-09,2466,2005-06-10,5302,9590,2005-01-10,2648,09/22/10,2350,7303,2009-11-10,2373,2005-05-11,5849,11011,05/21/11,3397,09/13/11,6198,10387,2009-10-11,2777,05/30/12,5073,6995,2006-02-12,2766,9/11/2012,5778,11225,09/15/2012,2933,2005-02-13,5793,11707,2006-01-13,2738,2010-01-13,6457,12336,09/28/13,3442,05/22/14,5237,7708,05/03/2014 07:00:00 AM +0000,2825,2009-04-14,4063,7625,09/27/14,2312,05/27/15,5825,11919,05/30/15,2274
POINT (-73.97213382742117 40.756810835163854),62,Manhattan,Lexington Avenue,50th Street,51st Street,N,5/15/2007,5730,10557,5/12/2007,4805,9/27/2007,5124,10010,10/6/2007,2600,5/7/2008,5659,12883,5/10/2008,2968,09/16/08,6153,20071,09/27/08,3229,2005-05-09,3614,7280,05/30/09,3131,09/22/09,4243,9235,2010-10-09,2768,2005-06-10,5812,12143,2005-08-10,2781,09/22/10,4941,6260,09/25/10,2481,2005-05-11,6003,12261,05/21/11,2708,09/15/11,4610,9722,2009-10-11,3331,05/30/12,5610,7253,2006-02-12,3075,9/11/2012,6127,11630,09/15/2012,3781,05/14/13,4876,9020,2006-01-13,3524,2010-01-13,6174,11573,2010-05-13,3613,05/21/14,6038,13374,05/31/2014 07:00:00 AM +0000,4716,2009-04-14,7870,13083,09/27/14,3056,05/27/15,7312,13958,2005-09-15,3041
POINT (-73.9738528410478 40.757536248312135),63,Manhattan,Park Avenue,50th Street,51st Street,Y,5/15/2007,6824,10653,5/12/2007,2025,9/27/2007,7868,12535,10/6/2007,1137,5/7/2008,5201,10800,5/10/2008,1113,09/16/08,6059,18973,2009-06-08,1460,2005-05-09,4068,8087,05/30/09,1464,09/22/09,5358,10971,2010-10-09,1560,2005-06-10,5342,10497,2005-08-10,1471,09/22/10,4100,10317,2009-11-10,1538,05/25/11,5118,9773,05/21/11,1598,09/15/11,6862,9879,2009-10-11,1985,05/30/12,5774,6601,2006-02-12,1378,9/12/2012,6951,13358,09/22/2012,2125,05/14/13,6103,10628,2006-01-13,1534,2010-01-13,6458,11376,09/28/13,2239,05/21/14,6896,12018,05/31/2014 07:00:00 AM +0000,1897,09/17/14,4229,8301,2010-11-14,1001,05/28/15,7063,10745,2005-09-15,1730
POINT (-73.97536263666152 40.758173430835214),64,Manhattan,Madison Avenue,50th Street,51st Street,N,5/15/2007,4204,9307,5/12/2007,3297,9/27/2007,3997,9188,10/6/2007,2239,5/7/2008,2407,5634,5/10/2008,2144,09/16/08,3139,8742,2009-06-08,1643,05/26/09,2498,7990,05/30/09,2281,09/22/09,4161,9773,2010-10-09,4224,2005-06-10,3589,9460,2005-08-10,2104,09/15/10,2451,6184,09/25/10,2054,05/24/11,3694,8962,05/14/11,2678,09/14/11,3582,8710,2009-10-11,4161,05/30/12,3903,6394,2006-02-12,2539,9/12/2012,3810,9559,09/22/2012,2740,05/14/13,3806,9398,2006-01-13,2004,2010-01-13,4026,11649,09/28/13,2676,05/22/14,3943,8762,05/31/2014 07:00:00 AM +0000,2568,2009-04-14,3999,9766,2010-11-14,1974,05/28/15,3422,10220,2005-09-15,2685
POINT (-73.97697246269058 40.75885135958745),65,Manhattan,Fifth Avenue,50th Street,51st Street,N,5/15/2007,5565,18855,5/12/2007,12954,9/27/2007,4759,14718,10/6/2007,11866,5/7/2008,5685,28077,5/10/2008,16851,09/16/08,5006,20879,2009-06-08,14623,2006-02-09,3770,25268,05/30/09,11494,09/22/09,5019,20562,2010-10-09,11446,2005-06-10,4360,28429,2005-08-10,10440,09/23/10,3503,16915,09/18/10,13044,2005-12-11,4424,24803,05/14/11,11311,09/14/11,5211,18865,09/17/11,13084,05/30/12,3886,16819,2006-02-12,12325,9/12/2012,4642,25523,09/15/2012,16286,05/14/13,4375,20567,05/18/13,13542,2010-02-13,5217,20548,09/28/13,11730,05/20/14,4757,22388,05/31/2014 07:00:00 AM +0000,16189,09/17/14,3900,16284,2010-11-14,10995,2005-06-15,5111,23968,2005-09-15,17081
POINT (-73.98019868261794 40.760211784509345),66,Manhattan,Sixth Avenue,50th Street,51st Street,N,5/15/2007,8288,17222,5/12/2007,7527,9/27/2007,9097,20504,10/6/2007,14386,5/1/2008,8627,23153,5/3/2008,7523,2009-11-08,7647,23605,09/13/08,7729,2006-02-09,4880,14500,05/30/09,5385,09/22/09,8591,25013,2010-10-09,8340,2005-05-10,7753,22076,2005-08-10,7042,09/22/10,7565,23463,09/25/10,6787,2005-05-11,7109,17964,2005-07-11,6532,09/15/11,6353,16219,09/24/11,6910,05/30/12,5885,11446,2006-02-12,4718,9/13/2012,6755,18750,09/22/2012,5962,05/14/13,7344,21852,05/18/13,9578,2010-02-13,8653,20989,2010-05-13,8928,05/15/14,6754,20361,05/17/2014 07:00:00 AM +0000,8167,2009-04-14,7757,18925,09/27/14,5550,05/28/15,8382,19830,2005-09-15,7573
POINT (-73.98303507483836 40.761406118876636),67,Manhattan,Seventh Avenue,50th Street,51st Street,N,5/15/2007,4490,9683,5/12/2007,9375,9/27/2007,4952,13179,10/6/2007,6120,5/1/2008,6100,18254,5/3/2008,7303,2009-11-08,6446,20666,09/13/08,9077,05/26/09,4052,11765,05/30/09,5383,09/23/09,5238,21134,2010-10-09,8703,2005-05-10,4683,18116,2005-08-10,5245,09/22/10,4730,18128,09/25/10,4951,2005-04-11,3580,12448,05/14/11,4956,09/15/11,5207,11867,09/24/11,6135,05/30/12,4125,8700,2006-02-12,6298,9/13/2012,5521,15077,09/22/2012,6800,2005-02-13,5266,14066,2005-04-13,6575,2010-01-13,4947,12929,09/28/13,5974,05/15/14,4404,13341,05/17/2014 07:00:00 AM +0000,8216,09/17/14,4307,13090,2009-06-14,6401,05/28/15,4661,14752,2005-09-15,7617
POINT (-73.98383919698615 40.76174395517826),68,Manhattan,Broadway,50th Street,51st Street,Y,5/15/2007,3651,11214,5/12/2007,9134,9/27/2007,4158,12401,10/6/2007,9352,5/1/2008,2973,11426,5/3/2008,7308,2009-11-08,4316,14026,09/13/08,8443,05/26/09,3151,8475,05/30/09,6386,09/23/09,3934,11771,2010-10-09,8480,2005-05-10,3893,12065,2005-08-10,5874,09/22/10,4222,13896,09/25/10,6784,2005-05-11,3883,13185,05/14/11,5734,09/15/11,3680,11856,09/24/11,5699,05/30/12,3337,9640,2006-02-12,7974,9/13/2012,5221,13664,09/22/2012,7514,2005-02-13,3744,13639,2005-04-13,9366,2010-01-13,3841,13493,09/28/13,7740,05/14/14,3763,16899,05/17/2014 07:00:00 AM +0000,7208,2009-09-14,3693,9794,2009-06-14,6292,2005-06-15,3711,15263,05/30/15,7523
POINT (-73.98589867014995 40.76257065006476),69,Manhattan,Eighth Avenue,50th Street,51st Street,N,5/15/2007,2817,7362,5/12/2007,5118,9/27/2007,3971,8561,10/6/2007,5391,5/1/2008,3752,10656,5/3/2008,5858,2009-11-08,4184,12792,09/13/08,7798,05/26/09,3054,9975,05/30/09,4793,09/23/09,3549,12643,2010-10-09,4837,2005-05-10,3513,10332,2005-08-10,4192,09/22/10,3616,11171,09/25/10,4140,05/25/11,3465,11368,2005-07-11,4276,09/15/11,3626,9549,09/24/11,5309,05/30/12,3403,7429,2006-02-12,5619,9/11/2012,3834,9893,09/15/2012,5097,2005-02-13,3858,12261,2005-04-13,6363,2010-01-13,4311,12194,09/28/13,6721,05/14/14,4178,15305,05/17/2014 07:00:00 AM +0000,8567,09/18/14,3459,12050,2010-11-14,5719,2005-06-15,3675,12228,05/30/15,8666
POINT (-73.99694382805043 40.76731243251928),70,Manhattan,Hudson River Greenway,50th Street,51st Street,N,5/15/2007,190,382,5/12/2007,310,9/27/2007,129,342,10/6/2007,363,5/1/2008,90,103,5/3/2008,186,2009-11-08,194,234,09/13/08,216,05/26/09,27,192,05/30/09,64,09/23/09,190,269,2010-10-09,436,2005-05-10,280,453,2005-08-10,201,09/22/10,273,313,09/25/10,469,2005-11-11,307,563,05/21/11,487,09/15/11,233,141,09/24/11,1515,2005-02-12,255,118,2005-05-12,1948,9/11/2012,363,494,09/15/2012,832,2005-02-13,291,760,2005-04-13,2519,2010-01-13,362,639,09/28/13,1043,2005-08-14,211,528,05/10/2014 07:00:00 AM +0000,985,09/17/14,507,593,09/27/14,1051,2005-06-15,241,620,2005-09-15,631
POINT (-73.79555468117462 40.706534269358265),71,Queens,165th Street,89th Avenue,Jamaica Avenue,N,5/17/2007,824,3972,5/12/2007,2800,9/26/2007,717,4789,10/6/2007,3429,4/29/2008,710,4372,5/10/2008,2787,2009-11-08,882,3550,2009-06-08,2237,2005-07-09,804,4812,05/30/09,3254,09/15/09,727,5177,2010-10-09,3428,2005-12-10,757,2814,05/22/10,3621,2010-07-10,970,7848,09/25/10,3875,2005-12-11,979,6751,2005-07-11,3698,09/22/11,992,5450,09/24/11,4133,2005-10-12,750,2898,2005-12-12,4713,9/11/2012,828,5531,10/20/2012,3311,05/16/13,895,5050,05/18/13,4363,09/25/13,979,4207,09/21/13,3073,05/22/14,763,4317,05/03/2014 07:00:00 AM +0000,3923,2010-02-14,848,4106,09/20/14,2048,2005-12-15,721,3827,05/16/15,2517
POINT (-73.89225364571118 40.74891155301485),72,Queens,37th Avenue,73rd Street,74th Street,Y,5/17/2007,1002,4106,5/19/2007,3142,9/26/2007,1159,4398,10/6/2007,3500,5/1/2008,1058,4594,5/3/2008,3367,09/18/08,1592,5184,09/20/08,3561,2005-07-09,1236,4575,05/30/09,2782,09/15/09,988,3551,09/26/09,2574,2005-04-10,1113,4116,2005-01-10,2710,09/22/10,1361,4279,2010-02-10,3412,05/19/11,1406,5929,2005-07-11,3648,09/14/11,1410,5977,2010-01-11,2618,05/17/12,1244,3408,2005-05-12,3457,10/17/2012,918,4761,09/22/2012,3605,2005-02-13,1210,3556,05/18/13,3188,2010-08-13,1349,5683,2010-12-13,3742,05/14/14,1347,4926,05/17/2014 07:00:00 AM +0000,2877,2009-11-14,1720,5356,09/27/14,2660,2005-06-15,1215,4757,2005-09-15,2564
POINT (-73.88412639509394 40.748731550744075),73,Queens,82nd Street,37th Avenue,Roosevelt Avenue,Y,5/9/2007,1739,4753,5/12/2007,3114,9/26/2007,2933,8401,10/6/2007,6054,5/1/2008,2299,6851,5/3/2008,2650,09/18/08,2130,3541,09/20/08,5198,2005-07-09,2733,10839,05/30/09,6515,09/15/09,2545,7483,09/26/09,4969,2005-04-10,2850,10144,2005-01-10,7431,09/22/10,3949,14738,2010-02-10,7602,2005-11-11,2506,10249,2005-07-11,5125,09/20/11,2649,9941,09/24/11,5022,05/16/12,2088,2972,05/19/12,5854,9/12/2012,2642,8772,09/22/2012,6132,2005-02-13,2662,9288,05/18/13,6726,2010-08-13,2674,8868,2010-12-13,6825,05/20/14,2510,8668,06/07/2014 07:00:00 AM +0000,4657,2009-11-14,2888,8781,09/27/14,4539,2005-06-15,2640,8479,2005-09-15,5501
POINT (-73.84534157919533 40.72036574481484),74,Queens,Austin Street,71st Ave,70th Road,Y,5/10/2007,622,4356,5/12/2007,2227,9/26/2007,514,3127,10/6/2007,2891,4/29/2008,1585,4355,5/3/2008,2433,09/16/08,705,4216,09/27/08,2469,2005-07-09,729,4351,05/30/09,2420,09/15/09,728,4407,09/26/09,2891,05/13/10,657,4232,05/15/10,2388,2010-07-10,799,4039,09/25/10,3631,2005-12-11,657,3971,05/14/11,4326,09/20/11,768,4435,2009-10-11,3200,2005-02-12,940,2985,2005-05-12,3954,9/11/2012,834,4530,09/11/2012,4376,2005-01-13,995,5334,2005-04-13,5522,2010-03-13,1166,5008,2011-09-13,4238,05/14/14,787,4128,05/10/2014 07:00:00 AM +0000,3621,2009-11-14,840,4566,09/13/14,3357,05/14/15,1037,5267,2005-09-15,4120
POINT (-73.77114917957034 40.76393342115404),75,Queens,Bell Boulevard,40th Avenue,41st Avenue,N,5/10/2007,549,1578,5/19/2007,968,9/27/2007,597,1802,10/6/2007,1209,5/6/2008,469,1292,5/10/2008,1282,09/18/08,513,1217,09/27/08,1160,2005-07-09,481,1656,05/30/09,785,09/15/09,426,1506,09/26/09,855,05/13/10,553,1958,05/15/10,1095,2010-07-10,650,1739,2010-02-10,800,05/18/11,617,2106,2005-07-11,1562,09/20/11,503,1836,09/24/11,1020,05/24/12,552,775,2005-05-12,1241,9/13/2012,576,1699,09/22/2012,1265,2005-01-13,496,1807,2005-04-13,1226,09/24/13,497,1472,09/28/13,1575,05/14/14,754,1880,05/03/2014 07:00:00 AM +0000,1874,2010-01-14,815,2136,09/13/14,950,05/27/15,853,1644,05/30/15,1962
POINT (-73.89530306861202 40.70287665998953),76,Queens,Fresh Pond Road,Cypress Hills Street,70th Avenue,N,5/9/2007,467,954,5/12/2007,649,9/27/2007,541,965,10/6/2007,565,5/1/2008,413,980,5/3/2008,414,09/16/08,530,1028,09/27/08,463,2005-07-09,511,827,05/30/09,447,09/15/09,484,875,09/26/09,514,2005-05-10,429,919,2005-08-10,636,2009-08-10,509,911,09/18/10,590,2005-10-11,444,1007,04/30/11,644,2009-07-11,286,755,09/17/11,747,2006-05-12,455,197,2006-09-12,1241,9/11/2012,482,799,09/15/2012,603,2005-01-13,426,918,2005-04-13,607,2010-03-13,442,1008,2010-05-13,555,05/13/14,349,787,05/10/2014 07:00:00 AM +0000,380,2009-04-14,535,805,2009-06-14,531,05/21/15,302,1017,05/30/15,425
POINT (-73.79247827489317 40.71091966309365),77,Queens,Hillside Avenue,169th Street,170th Street,Y,5/17/2007,1693,3280,5/19/2007,2006,9/27/2007,1429,2988,10/6/2007,2165,5/7/2008,836,3442,5/10/2008,1693,09/23/08,923,3784,09/27/08,1553,2005-07-09,799,3564,05/30/09,1854,09/15/09,826,3811,09/26/09,2184,05/13/10,889,3747,05/15/10,2154,09/15/10,977,3997,09/25/10,1710,2005-12-11,991,3977,2005-07-11,2348,09/21/11,1069,3531,09/24/11,1453,2005-10-12,902,1904,2005-12-12,2388,9/11/2012,1063,3427,09/15/2012,1615,05/16/13,1211,2973,05/18/13,1509,09/25/13,930,3392,09/21/13,1943,05/15/14,1314,4635,05/03/2014 07:00:00 AM +0000,1970,2010-02-14,668,3240,09/20/14,1791,2005-06-15,824,3709,05/30/15,1899
POINT (-73.9394711515093 40.748171290709614),78,Queens,Jackson Avenue,Queens Street,42nd Road,N,5/17/2007,354,425,5/19/2007,108,9/27/2007,411,408,10/6/2007,62,5/7/2008,380,509,5/3/2008,112,09/18/08,348,382,09/20/08,69,05/19/09,451,360,05/30/09,79,09/15/09,242,424,09/26/09,288,2005-04-10,294,319,2005-01-10,238,2009-08-10,326,406,09/25/10,213,05/19/11,401,463,2005-07-11,159,09/14/11,403,482,09/24/11,157,2005-10-12,669,463,05/19/12,222,9/13/2012,631,535,09/22/2012,198,05/14/13,647,632,2006-01-13,300,09/24/13,694,960,09/28/13,296,05/14/14,668,897,05/03/2014 07:00:00 AM +0000,284,2009-11-14,660,600,09/27/14,129,2005-06-15,338,614,05/30/15,234
POINT (-73.8059375206585 40.70182238071845),79,Queens,Jamaica Avenue,148th Street,149th Street,N,5/17/2007,813,3336,5/19/2007,2133,9/27/2007,639,3384,10/6/2007,2246,4/29/2008,621,3020,5/10/2008,2458,2009-11-08,735,2789,2009-06-08,1896,05/19/09,747,3443,05/30/09,2598,09/16/09,698,3324,09/26/09,1861,2005-12-10,651,2492,05/22/10,2498,09/16/10,821,1942,2009-11-10,2261,2005-12-11,789,2601,05/14/11,2769,2009-08-11,602,3152,2009-10-11,2373,2005-10-12,708,2150,2005-12-12,2175,9/11/2012,723,2766,09/22/2012,2423,05/14/13,751,3245,05/18/13,2297,2010-01-13,817,2821,09/28/13,2063,05/15/14,782,2766,05/03/2014 07:00:00 AM +0000,2096,2009-11-14,530,2948,09/20/14,1807,05/13/15,896,3321,05/16/15,2400
POINT (-73.79726496612199 40.70450555044362),80,Queens,Jamaica Avenue,162nd Street,Guy R. Brewer Boulevard,Y,5/17/2007,1390,11407,5/19/2007,5326,9/27/2007,1636,12671,10/6/2007,5988,4/29/2008,949,8011,5/10/2008,7008,2009-11-08,1259,9860,2009-06-08,4666,05/19/09,1286,9724,2005-09-09,4969,09/16/09,1149,10148,09/26/09,5407,2005-12-10,1149,7372,05/22/10,8770,09/16/10,1350,7149,2009-11-10,6271,05/19/11,1495,11961,2005-07-11,7961,2009-08-11,1363,13426,2009-10-11,9834,2005-03-12,1566,7315,2005-12-12,8328,9/11/2012,1414,9346,09/15/2012,7293,05/14/13,1521,8935,05/18/13,5882,09/24/13,1430,7896,09/21/13,7105,05/15/14,1359,10063,05/03/2014 07:00:00 AM +0000,7273,2010-02-14,1465,10097,09/20/14,7681,05/13/15,1215,6715,05/16/15,4764
POINT (-73.8577900896105 40.69259632475859),81,Queens,Jamaica Avenue,86th Street,87th Street,N,5/10/2007,790,2313,5/12/2007,1864,9/27/2007,894,2188,10/6/2007,1597,4/29/2008,644,2007,5/10/2008,1531,09/24/08,776,2158,09/27/08,1746,05/19/09,758,1892,2005-09-09,1710,09/16/09,678,1987,09/26/09,1478,2005-05-10,784,2486,2005-08-10,1634,09/14/10,842,2367,09/25/10,1397,2005-12-11,788,1758,05/14/11,1952,09/14/11,1095,2465,2009-10-11,1537,2006-06-12,704,1157,2006-09-12,1320,9/13/2012,912,1925,09/22/2012,1295,2005-01-13,867,2065,2005-04-13,1690,2010-02-13,835,1902,2010-05-13,1643,05/14/14,1005,1914,05/17/2014 07:00:00 AM +0000,1652,09/16/14,1036,1874,09/13/14,1224,05/13/15,1159,2138,05/16/15,1616
POINT (-73.83093435527098 40.76118578331916),82,Queens,Main Street,37th Avenue,38th Avenue,Y,5/10/2007,1805,6685,5/12/2007,8266,9/27/2007,1560,5818,10/6/2007,7615,4/30/2008,1444,5548,5/3/2008,8784,2009-10-08,1316,4706,09/13/08,9169,05/21/09,1563,5406,2005-09-09,5867,09/16/09,2008,7670,09/26/09,6584,2005-06-10,1558,6559,05/15/10,7886,2009-08-10,1942,7235,09/18/10,6510,05/18/11,1644,8323,04/30/11,7368,09/15/11,2031,6043,09/17/11,6721,05/23/12,2450,5932,2005-12-12,4723,9/11/2012,2581,7948,09/15/2012,8447,05/14/13,2266,8751,05/18/13,8554,09/24/13,2169,7998,09/28/13,7097,05/29/14,2068,8045,05/03/2014 07:00:00 AM +0000,6733,09/16/14,2291,8105,2010-11-14,4731,2006-02-15,2333,8040,2005-09-15,5555
POINT (-73.78539020907589 40.69769336243359),83,Queens,Merrick Boulevard,108th Drive,169th Place,N,5/17/2007,63,149,5/19/2007,57,10/2/2007,70,108,10/6/2007,80,5/7/2008,98,207,5/10/2008,76,09/23/08,54,87,09/27/08,94,05/19/09,26,105,2005-09-09,63,09/16/09,32,132,09/26/09,75,05/13/10,62,149,05/15/10,86,09/15/10,163,310,09/25/10,79,2005-05-11,163,335,2005-07-11,305,09/22/11,189,368,09/24/11,189,2006-06-12,87,132,2006-09-12,119,9/11/2012,83,139,09/15/2012,130,2005-02-13,162,220,2006-01-13,178,09/24/13,112,387,09/28/13,166,05/15/14,89,232,06/07/2014 07:00:00 AM +0000,134,2009-04-14,150,267,09/13/14,176,2005-06-15,90,202,05/30/15,76
POINT (-73.75250126721382 40.604023385262565),84,Queens,Mott Avenue,Smith Place,Central Avenue,N,5/17/2007,927,2468,5/19/2007,1985,10/2/2007,661,2785,10/6/2007,2132,4/29/2008,1362,2309,5/3/2008,1208,2009-11-08,891,2311,09/13/08,1734,05/19/09,735,1958,2005-09-09,1850,09/16/09,892,1952,2010-10-09,2222,2005-04-10,727,1796,2005-01-10,2056,09/16/10,868,1543,09/18/10,1736,05/25/11,820,1836,05/21/11,2116,09/14/11,1131,3664,09/17/11,1430,05/23/12,692,1338,2005-12-12,2454,9/11/2012,850,2119,09/15/2012,1983,2005-02-13,658,2003,05/18/13,2007,09/18/13,728,1629,09/21/13,1618,05/13/14,1451,3319,05/03/2014 07:00:00 AM +0000,2154,2009-04-14,1017,2827,2009-06-14,2025,2005-06-15,1084,2030,2005-09-15,1150
POINT (-73.91018834116505 40.69967093544051),85,Queens,Myrtle Avenue,Palmetto Street,Woodbine Street,Y,5/10/2007,1245,5324,5/19/2007,5741,10/2/2007,1342,5867,10/6/2007,5109,5/6/2008,1358,6221,5/3/2008,3214,09/25/08,1468,4978,09/20/08,3577,05/19/09,1316,5135,2005-09-09,3101,09/16/09,1128,5053,2010-10-09,3619,2005-05-10,1238,4634,2005-08-10,3218,09/14/10,1541,5641,09/25/10,2977,2005-12-11,1296,5433,04/30/11,3383,2009-08-11,1349,5349,09/24/11,3560,05/30/12,1397,3596,2006-09-12,3082,9/11/2012,1378,4588,09/15/2012,3706,2005-07-13,1389,4999,2006-01-13,3702,2010-03-13,1487,4681,2010-05-13,3449,05/14/14,1322,4948,05/10/2014 07:00:00 AM +0000,3167,2009-04-14,1572,4351,2009-06-14,3291,05/19/15,1481,3756,05/16/15,2562
POINT (-73.90192709081796 40.700487613235865),86,Queens,Myrtle Avenue,Weirfield Street,Centre Street,N,5/9/2007,426,3161,5/12/2007,3816,10/2/2007,308,2797,10/6/2007,5540,4/30/2008,366,2892,5/3/2008,2139,09/18/08,354,2980,09/20/08,2517,05/19/09,393,2719,2005-09-09,2404,09/16/09,393,3305,2010-10-09,2032,2005-05-10,586,3877,2005-08-10,3738,09/14/10,389,3363,2010-02-10,2345,05/19/11,330,3107,05/14/11,2470,2009-08-11,407,2949,2010-01-11,2507,2006-07-12,499,1704,2006-09-12,2747,9/11/2012,438,2654,09/15/2012,3476,05/14/13,406,3181,2006-01-13,2886,2010-03-13,414,2953,2010-05-13,3020,05/14/14,454,3287,05/10/2014 07:00:00 AM +0000,3050,2009-04-14,522,2789,2009-06-14,2535,05/20/15,1139,2415,05/30/15,2466
POINT (-73.80439743099379 40.76247070217482),87,Queens,Northern Boulevard,50' East of 161st Street,,N,5/16/2007,302,706,5/19/2007,596,10/2/2007,306,912,10/6/2007,545,5/8/2008,174,556,5/10/2008,456,2009-10-08,254,540,09/13/08,440,05/19/09,104,511,2005-09-09,304,09/16/09,114,672,2010-10-09,421,2005-06-10,258,692,05/15/10,614,2009-08-10,234,816,2010-02-10,462,05/18/11,314,1145,04/30/11,628,09/15/11,388,860,2010-01-11,756,05/31/12,203,522,05/19/12,116,9/11/2012,236,567,09/15/2012,327,2005-01-13,280,888,2005-04-13,609,09/24/13,299,1030,09/28/13,571,2005-08-14,243,947,05/10/2014 07:00:00 AM +0000,562,2009-11-14,307,965,2009-06-14,415,2005-06-15,306,946,05/30/15,640
POINT (-73.83274555228849 40.76053254069111),88,Queens,Prince Street,37th Avenue,38th Avenue,N,5/16/2007,368,1048,5/19/2007,1051,10/2/2007,339,1011,10/6/2007,1102,5/8/2008,358,995,5/10/2008,643,2009-10-08,296,1060,09/13/08,1361,05/19/09,208,1007,2005-09-09,856,09/16/09,256,1169,2010-10-09,1164,2005-06-10,278,913,05/15/10,1222,2009-08-10,316,831,2010-02-10,1065,05/18/11,252,1130,04/30/11,1319,09/15/11,255,835,2010-01-11,1419,05/22/12,242,760,05/19/12,1208,9/11/2012,312,1058,09/15/2012,1630,2005-07-13,293,1210,05/18/13,1442,09/25/13,296,1256,09/28/13,1435,05/29/14,271,1360,05/03/2014 07:00:00 AM +0000,1509,2009-11-14,372,1630,2010-11-14,1277,2005-06-15,459,2163,2005-09-15,1694
POINT (-73.82971390855923 40.713719487169804),89,Queens,Queens Boulevard,50' East of 80th Road,,N,5/17/2007,6569,9070,5/19/2007,2703,10/2/2007,6876,8687,10/6/2007,2452,4/29/2008,3220,5656,5/10/2008,1495,09/16/08,2356,4746,09/27/08,2273,05/19/09,1661,4302,2005-09-09,954,09/16/09,1786,4323,2010-10-09,1119,05/13/10,1769,5062,05/15/10,1212,09/23/10,2286,6977,09/25/10,1170,05/19/11,2415,4837,05/14/11,1033,09/15/11,2989,4926,09/24/11,1131,05/30/12,1634,2729,2005-12-12,1071,9/13/2012,1574,1904,09/15/2012,1188,2005-02-13,2080,4468,05/18/13,1178,2010-03-13,1537,2337,2010-05-13,1234,2005-07-14,1626,2337,05/10/2014 07:00:00 AM +0000,791,2009-09-14,1704,2503,2009-06-14,648,2005-06-15,1824,2704,05/16/15,821
POINT (-73.87130318032177 40.73382228902957),90,Queens,Queens Boulevard,Woodhaven Boulevard,90th Street,N,5/17/2007,434,2645,5/19/2007,1790,10/2/2007,395,2795,10/6/2007,2180,4/29/2008,481,3236,5/10/2008,2362,09/18/08,612,2631,09/20/08,2014,2005-06-09,368,2527,2005-09-09,2591,09/16/09,322,3210,2010-10-09,3145,2005-04-10,365,2593,2005-01-10,2092,09/23/10,492,2493,2010-02-10,2529,05/19/11,356,2350,2005-07-11,1985,09/20/11,444,2741,2010-01-11,2811,2005-02-12,1063,2576,2005-05-12,2171,9/13/2012,539,2286,09/22/2012,2181,2005-02-13,382,2419,05/18/13,2121,2010-08-13,426,2290,2010-12-13,2182,05/29/14,383,2269,05/03/2014 07:00:00 AM +0000,2169,2009-11-14,425,2108,2009-06-14,1656,2005-12-15,331,1889,05/16/15,1745
POINT (-73.93998588778325 40.750663629169715),91,Queens,Queens Plaza North & South,Crescent Street,27th Street,N,5/17/2007,5036,6091,5/19/2007,2204,10/2/2007,5724,6082,10/6/2007,1627,5/7/2008,4996,6281,5/3/2008,2758,2009-09-08,5296,6031,09/20/08,1458,2005-06-09,1952,2141,2005-09-09,806,09/16/09,4255,5306,2010-10-09,1297,05/13/10,4392,5254,2005-01-10,2511,2009-08-10,4687,5552,2010-02-10,1088,05/19/11,4461,6346,05/21/11,1750,2009-08-11,5250,7292,09/24/11,1007,05/30/12,2892,3350,05/19/12,1658,9/13/2012,3868,4027,09/22/2012,1811,05/14/13,5298,8052,2006-01-13,2443,09/24/13,5780,7274,09/28/13,2341,05/14/14,4787,7410,05/10/2014 07:00:00 AM +0000,2584,2009-04-14,5338,6707,09/27/14,1655,2005-06-15,4221,6634,2005-09-15,2653
POINT (-73.82818894237845 40.76005352048368),92,Queens,Roosevelt Avenue,Main Street,Union Street,N,5/10/2007,7893,10566,5/12/2007,4690,10/2/2007,9198,12958,10/6/2007,5163,4/30/2008,3211,13346,5/3/2008,7747,2009-10-08,9044,13012,09/13/08,7078,2005-06-09,9175,13802,2005-09-09,8087,09/16/09,8688,15500,2010-10-09,9745,2005-06-10,10891,14219,05/15/10,7738,2009-08-10,9123,14574,2010-02-10,7311,05/18/11,9253,12881,04/30/11,8963,09/15/11,10759,14081,2010-01-11,9210,05/24/12,3439,8189,2005-12-12,7573,9/11/2012,4331,13446,09/15/2012,10237,05/14/13,4380,9307,05/18/13,6221,09/18/13,3491,12451,09/21/13,8076,05/13/14,3029,13480,05/03/2014 07:00:00 AM +0000,7503,2009-04-14,3955,12683,2009-06-14,7966,2005-06-15,4236,14272,05/30/15,8461
POINT (-73.91804029865682 40.760154979525886),93,Queens,Steinway Street,31st Avenue,Broadway,N,5/17/2007,1115,6495,5/19/2007,4356,10/2/2007,1127,5199,10/6/2007,4348,5/7/2008,1230,6034,5/3/2008,4652,2009-09-08,1127,5360,09/20/08,3893,2005-06-09,995,5290,05/30/09,5311,09/16/09,1113,5796,2010-10-09,3956,05/13/10,1026,5626,2005-01-10,4956,2009-08-10,1013,5506,09/25/10,3804,2005-12-11,1124,5991,05/21/11,3917,2009-08-11,1050,6733,09/24/11,3790,05/16/12,1120,4213,05/19/12,4488,9/13/2012,1212,5692,09/22/2012,4250,05/14/13,1160,5949,2006-01-13,4499,09/24/13,1179,5489,09/28/13,3923,05/14/14,1102,5743,05/10/2014 07:00:00 AM +0000,4660,2009-11-14,1096,5493,09/27/14,3644,2005-06-15,951,5907,05/30/15,4299
POINT (-73.80860478359536 40.70340462655154),94,Queens,Sutphin Boulevard,89th Avenue,90th Avenue,N,5/9/2007,1076,2166,5/19/2007,806,10/2/2007,832,1664,10/6/2007,812,4/29/2008,320,1862,5/10/2008,955,2009-11-08,1424,2686,2009-06-08,830,2005-06-09,1093,2412,2005-09-09,871,09/16/09,1148,2463,2010-10-09,977,2005-12-10,1192,2559,05/22/10,1610,09/16/10,1441,2823,2009-11-10,1216,05/19/11,912,2254,2005-07-11,1111,2009-08-11,847,2789,2009-10-11,1362,2005-10-12,876,1310,2005-12-12,1162,9/11/2012,1514,1975,09/15/2012,1038,05/14/13,1249,2761,05/18/13,967,2010-01-13,1363,2135,09/28/13,1264,05/29/14,1083,2180,05/10/2014 07:00:00 AM +0000,1157,2010-02-14,1569,2727,09/27/14,1098,05/13/15,1099,2446,2005-09-15,1053
POINT (-73.84840699076854 40.722724821640135),95,Queens,Yellowstone Boulevard,Queens Boulevard,Gerard Place,N,5/9/2007,245,1272,5/19/2007,776,10/2/2007,242,1321,10/6/2007,867,5/1/2008,184,620,5/10/2008,399,09/16/08,197,1444,09/27/08,333,2005-06-09,195,564,2005-09-09,344,09/16/09,188,540,2010-10-09,381,05/13/10,263,652,05/15/10,431,09/23/10,225,671,09/25/10,426,05/19/11,258,1257,05/21/11,795,09/20/11,243,604,09/24/11,347,2005-03-12,268,434,05/19/12,843,9/11/2012,462,1080,09/15/2012,1051,2005-01-13,334,713,2005-04-13,444,2010-02-13,421,705,2010-05-13,439,05/15/14,251,687,05/10/2014 07:00:00 AM +0000,356,2009-11-14,357,768,09/13/14,399,05/14/15,281,887,2005-09-15,468
POINT (-74.10857607699728 40.630171698294305),96,Staten Island,Forest Avenue,Regan Avenue,Davis Avenue,N,5/8/2007,147,228,5/19/2007,152,10/2/2007,155,204,9/29/2007,85,5/1/2008,116,240,5/3/2008,174,2009-11-08,150,156,09/13/08,138,2005-06-09,184,214,2005-09-09,179,09/29/09,183,266,2010-10-09,155,05/13/10,168,253,05/15/10,193,2009-08-10,166,218,09/18/10,198,2005-12-11,191,319,04/30/11,149,2009-08-11,91,158,09/17/11,143,05/16/12,106,241,05/19/12,235,9/12/2012,172,429,09/15/2012,215,05/16/13,135,527,05/18/13,308,09/18/13,236,347,09/21/13,194,2005-07-14,273,344,06/07/2014 07:00:00 AM +0000,205,2009-04-14,208,268,09/13/14,231,2005-06-15,233,289,2005-09-15,242
POINT (-74.11087252935727 40.57107102644237),97,Staten Island,New Dorp Lane,Hylan Boulevard,Clawson Street,N,5/8/2007,240,347,5/12/2007,432,10/2/2007,330,314,9/29/2007,348,5/1/2008,235,571,5/3/2008,389,2009-11-08,425,728,09/13/08,567,2005-06-09,413,814,05/23/09,704,09/29/09,675,880,2010-10-09,684,05/13/10,541,909,2005-01-10,578,09/23/10,580,846,2010-02-10,574,05/19/11,376,689,05/14/11,484,09/20/11,502,752,09/24/11,428,05/24/12,462,544,2006-02-12,439,9/13/2012,611,578,09/22/2012,719,2005-02-13,513,770,2005-04-13,476,2010-01-13,603,608,09/28/13,454,2005-08-14,425,462,05/17/2014 07:00:00 AM +0000,386,2009-04-14,365,461,09/20/14,431,2005-06-15,496,616,05/30/15,484
POINT (-74.07524480140287 40.642983526301755),98,Staten Island,Pedestrian Walkway from Ferry Terminal,50' north of Richmond Terrace,,Y,5/8/2007,840,1268,5/19/2007,787,9/27/2007,992,1465,9/29/2007,669,5/1/2008,1001,1871,5/3/2008,753,2009-11-08,1449,2078,09/13/08,883,2005-07-09,1234,1981,05/23/09,737,09/29/09,1044,1439,2010-10-09,770,2005-12-10,741,1688,2005-01-10,804,09/15/10,1213,1852,09/18/10,647,2005-05-11,781,1624,04/30/11,838,2009-08-11,1037,1407,09/17/11,654,2005-03-12,1055,1053,2005-05-12,741,10/17/2012,1206,2113,09/15/2012,943,05/16/13,1153,1738,2006-01-13,907,2011-06-13,1068,1863,09/21/13,612,05/13/14,933,1771,05/03/2014 07:00:00 AM +0000,829,2010-02-14,1088,1462,09/13/14,860,2005-06-15,914,2046,2005-09-15,470
POINT (-74.16614928494099 40.58813530683323),99,Staten Island,Richmond Hill Road,400' west of Richmond Terrace,,N,5/8/2007,134,129,5/19/2007,112,9/27/2007,138,193,9/29/2007,84,5/1/2008,129,148,5/3/2008,134,2009-11-08,123,263,09/13/08,151,2005-07-09,152,196,05/23/09,137,09/29/09,183,223,2010-10-09,160,2005-12-10,139,265,2005-01-10,184,09/15/10,141,245,2010-02-10,138,2005-12-11,150,198,05/14/11,111,09/22/11,100,140,09/24/11,102,05/30/12,77,84,2006-02-12,90,9/11/2012,93,161,09/15/2012,113,2005-02-13,124,186,2005-04-13,163,2010-02-13,170,194,09/28/13,100,2005-06-14,142,233,05/10/2014 07:00:00 AM +0000,137,2009-04-14,158,231,09/20/14,159,2005-06-15,149,234,05/16/15,151
POINT (-74.07740338696918 40.63793280712071),100,Staten Island,Victory Boulevard,Bay Street,Van Duzer Street,Y,5/8/2007,715,1037,5/19/2007,486,9/27/2007,725,1176,9/29/2007,503,5/1/2008,925,1586,5/3/2008,735,2009-11-08,923,1157,09/13/08,556,2005-07-09,752,1402,05/23/09,631,09/29/09,549,825,2010-10-09,519,2005-12-10,546,1397,05/15/10,939,2009-08-10,699,1080,09/18/10,712,05/19/11,667,1215,04/30/11,514,2009-08-11,396,716,09/17/11,489,2005-10-12,587,838,2005-05-12,678,9/11/2012,619,1136,09/22/2012,559,2005-01-13,586,1119,2005-04-13,600,2010-02-13,875,1535,09/28/13,574,05/29/14,826,1186,05/03/2014 07:00:00 AM +0000,729,2009-11-14,771,1118,09/27/14,705,2005-12-15,883,1099,05/30/15,618
POINT (-73.9966978834309 40.70597016498045),101,East River Bridges,Brooklyn Bridge,midpoint,,N,5/9/2007,582,1514,5/12/2007,1699,9/26/2007,708,1656,9/29/2007,1327,5/6/2008,673,2641,5/17/2008,1023,2009-10-08,529,2361,2009-06-08,1436,05/20/09,653,2670,05/23/09,2302,2009-10-09,1259,3735,09/26/09,2455,05/13/10,647,4176,2005-08-10,2778,2009-08-10,527,2360,09/25/10,2217,05/19/11,654,3949,05/21/11,2979,09/14/11,646,1956,09/24/11,2140,05/31/12,255,496,2006-09-12,1458,9/12/2012,614,2947,09/15/2012,2848,2005-07-13,662,2675,2006-01-13,1886,09/18/13,641,4984,09/21/13,3356,05/14/14,618,6493,05/03/2014 07:00:00 AM +0000,6049,2009-04-14,462,3760,09/13/14,3265,2006-02-15,631,3173,2005-09-15,3835
POINT (-73.99094199014806 40.708065389807295),102,East River Bridges,Manhattan Bridge - North Path,midpoint,,N,-,0,0,-,0,-,0,0,-,0,-,0,0,-,0,-,0,0,-,0,05/20/09,14,12,05/23/09,28,-,0,0,-,0,2005-12-10,13,36,2005-08-10,32,2009-08-10,0,0,09/25/10,3,05/18/11,9,24,05/21/11,10,09/14/11,150,178,09/24/11,115,05/31/12,9,23,2005-12-12,109,9/13/2012,6,41,09/15/2012,8,05/21/13,10,24,05/18/13,18,09/25/13,8,10,2010-12-13,34,05/14/14,6,14,05/03/2014 07:00:00 AM +0000,20,2010-02-14,3,5,09/13/14,6,05/14/15,3,2,2005-09-15,7
POINT (-73.9911441992971 40.70794847867024),103,East River Bridges,Manhattan Bridge - South Path,midpoint,,N,5/9/2007,82,131,5/12/2007,158,9/26/2007,64,136,9/29/2007,93,5/8/2008,62,211,5/17/2008,78,2009-11-08,75,207,2009-06-08,85,05/20/09,97,221,05/23/09,163,09/22/09,90,198,2010-10-09,205,2005-12-10,60,235,2005-08-10,95,2009-08-10,75,245,09/25/10,176,05/18/11,52,237,05/21/11,302,09/14/11,72,102,09/24/11,92,05/31/12,80,144,2005-12-12,245,9/13/2012,104,305,09/15/2012,274,05/21/13,134,313,05/18/13,195,09/25/13,128,312,2010-12-13,330,05/14/14,144,452,05/03/2014 07:00:00 AM +0000,415,2010-02-14,124,283,09/13/14,201,05/14/15,142,351,2005-09-15,260
POINT (-73.9720249378266 40.713533723016),104,East River Bridges,Williamsburg Bridge,midpoint,,N,5/9/2007,130,345,5/5/2007,370,9/26/2007,161,289,9/29/2007,312,5/8/2008,203,497,5/17/2008,455,09/24/08,232,382,09/13/08,315,2005-07-09,328,539,05/27/09,507,09/23/09,130,383,2010-10-09,343,2005-12-10,104,402,2005-01-10,468,09/14/10,269,547,09/18/10,396,2005-05-11,256,647,04/30/11,582,09/20/11,224,304,09/17/11,443,05/31/12,269,377,2006-09-12,305,9/12/2012,374,776,09/15/2012,720,2005-02-13,385,861,2005-04-13,1086,2010-02-13,400,838,2010-05-13,800,2005-07-14,394,830,05/10/2014 07:00:00 AM +0000,973,2010-09-14,263,713,09/13/14,578,05/28/15,374,906,2005-10-15,1093
POINT (-73.95460085520168 40.75686986008739),105,East River Bridges,Queensboro Bridge,midpoint,,N,5/9/2007,35,107,5/12/2007,103,9/27/2007,28,114,9/29/2007,68,4/29/2008,17,70,5/10/2008,94,09/24/08,94,196,09/13/08,165,2005-05-09,345,506,05/23/09,82,09/22/09,54,154,2010-10-09,94,05/26/10,91,230,05/15/10,95,09/15/10,90,243,2009-11-10,164,05/24/11,87,272,05/14/11,95,09/15/11,112,114,09/17/11,128,05/31/12,117,185,2006-09-12,111,10/17/2012,107,278,09/22/2012,120,2005-01-13,142,379,2005-04-13,226,2010-02-13,130,414,2010-05-13,197,05/14/14,127,729,05/03/2014 07:00:00 AM +0000,250,2009-04-14,142,374,09/20/14,224,2006-02-15,133,332,2005-09-15,207
POINT (-73.91119970135465 40.873547359000106),106,Harlem River Bridges,Broadway Bridge,midpoint,,N,5/8/2007,360,782,5/5/2007,455,9/27/2007,271,684,9/29/2007,410,5/1/2008,314,743,5/17/2008,652,09/24/08,420,814,09/27/08,751,05/21/09,354,584,05/23/09,683,09/23/09,541,924,2010-10-09,449,05/26/10,406,776,2005-01-10,689,2009-08-10,427,926,2010-02-10,601,05/18/11,352,1266,04/30/11,512,09/14/11,730,1117,2010-01-11,834,2005-02-12,497,709,2005-05-12,795,9/12/2012,529,1084,09/15/2012,905,2005-07-13,478,976,05/18/13,623,2010-01-13,537,998,2010-05-13,778,2005-06-14,473,978,05/17/2014 07:00:00 AM +0000,739,2009-04-14,530,818,2010-11-14,594,05/13/15,540,925,05/16/15,521
POINT (-73.91488962537824 40.86276958338556),107,Harlem River Bridges,University Heights Bridge,midpoint,,N,5/8/2007,192,480,5/5/2007,321,9/25/2007,124,343,9/29/2007,172,5/1/2008,181,419,5/17/2008,331,09/24/08,223,487,09/27/08,272,2005-05-09,162,455,05/23/09,245,09/23/09,216,558,2010-10-09,308,05/26/10,184,538,2005-01-10,386,2009-08-10,259,548,2010-02-10,281,2005-10-11,186,682,04/30/11,319,2009-08-11,265,531,2010-01-11,265,2005-02-12,222,327,2005-12-12,369,9/11/2012,272,527,09/15/2012,351,2005-07-13,258,610,05/18/13,348,2010-01-13,264,579,2010-05-13,298,2005-06-14,317,511,05/17/2014 07:00:00 AM +0000,346,2009-04-14,284,535,2010-11-14,190,2005-12-15,315,793,05/16/15,322
POINT (-73.93380588837302 40.8280999599949),108,Harlem River Bridges,Macombs Dam Bridge,midpoint,,N,5/8/2007,103,197,5/5/2007,297,9/25/2007,224,351,9/29/2007,148,5/6/2008,129,304,5/17/2008,213,09/27/08,209,297,09/24/08,168,05/20/09,151,183,05/23/09,293,09/30/09,265,478,2010-10-09,396,05/26/10,166,380,05/15/10,322,09/14/10,251,409,2009-11-10,373,2005-05-11,222,407,04/30/11,286,09/13/11,275,472,2009-10-11,389,2006-06-12,275,382,2006-09-12,320,9/13/2012,258,460,09/22/2012,372,2005-02-13,267,485,05/18/13,479,09/18/13,253,465,09/21/13,408,2005-06-14,247,476,05/17/2014 07:00:00 AM +0000,402,09/18/14,404,664,09/13/14,585,2005-06-15,259,498,05/16/15,411
POINT (-73.93330492386075 40.81949494541154),109,Harlem River Bridges,145th Street Bridge,midpoint,,N,5/8/2007,132,200,5/5/2007,135,9/25/2007,158,338,9/29/2007,122,5/6/2008,7,23,5/17/2008,8,09/24/08,89,135,09/27/08,99,05/20/09,72,157,05/23/09,58,09/30/09,92,216,2010-10-09,299,2005-06-10,70,159,2005-01-10,216,09/14/10,113,197,2010-02-10,236,05/19/11,128,201,04/30/11,290,09/14/11,117,219,09/17/11,261,05/31/12,79,286,06/16/12,351,9/11/2012,325,836,09/22/2012,497,2005-02-13,250,897,05/18/13,494,09/18/13,353,873,09/21/13,533,2005-06-14,124,493,05/17/2014 07:00:00 AM +0000,292,09/18/14,197,526,09/13/14,386,2005-06-15,136,505,05/16/15,323
POINT (-73.93313302788228 40.81413106797777),110,Harlem River Bridges,Madison Avenue Bridge,midpoint,,N,5/8/2007,145,305,5/5/2007,113,9/25/2007,303,513,9/29/2007,197,5/6/2008,174,148,5/17/2008,144,09/24/08,290,362,09/27/08,118,05/20/09,272,331,05/23/09,251,09/30/09,214,242,09/26/09,162,05/13/10,313,367,2005-01-10,199,09/14/10,256,346,2010-02-10,164,05/24/11,350,392,05/21/11,240,09/14/11,295,473,2010-01-11,231,05/31/12,407,412,06/16/12,263,9/11/2012,418,458,09/22/2012,170,2005-02-13,266,354,05/18/13,194,09/18/13,341,431,09/21/13,211,2005-06-14,344,501,05/17/2014 07:00:00 AM +0000,194,09/18/14,348,458,09/13/14,182,2005-06-15,356,542,05/16/15,193
POINT (-73.93252967704335 40.8075548101035),111,Harlem River Bridges,Third Avenue Bridge,midpoint,,N,5/8/2007,49,126,5/5/2007,400,9/27/2007,88,190,10/6/2007,65,5/7/2008,60,130,5/10/2008,46,09/25/08,66,147,09/27/08,73,2005-06-09,99,153,05/23/09,53,09/30/09,138,166,09/26/09,131,05/13/10,96,188,2005-01-10,106,09/21/10,116,201,2010-02-10,131,05/19/11,145,210,2005-07-11,166,09/20/11,178,230,2010-01-11,139,05/31/12,208,191,2006-02-12,137,9/11/2012,202,374,09/15/2012,166,2005-02-13,179,332,05/18/13,184,09/18/13,176,318,09/21/13,168,05/15/14,203,342,05/03/2014 07:00:00 AM +0000,200,2010-02-14,196,360,09/20/14,188,05/21/15,217,364,05/16/15,210
POINT (-73.9289610791785 40.803769279822085),112,Harlem River Bridges,Willis Avenue Bridge,midpoint,,N,5/10/2007,57,118,5/5/2007,127,9/27/2007,125,214,10/6/2007,85,5/7/2008,218,193,5/10/2008,100,09/25/08,146,178,09/27/08,82,2005-06-09,83,110,05/23/09,78,09/29/09,66,110,09/26/09,79,05/13/10,66,102,2005-01-10,71,09/21/10,78,118,2010-02-10,50,05/19/11,71,87,2005-07-11,29,09/20/11,61,102,2010-01-11,60,2006-05-12,82,114,2006-09-12,71,9/11/2012,134,213,09/15/2012,126,2005-02-13,152,331,05/18/13,108,09/18/13,176,349,09/21/13,144,05/15/14,127,309,05/03/2014 07:00:00 AM +0000,108,09/23/14,168,351,09/20/14,148,05/20/15,133,319,2005-09-15,122
POINT (-73.92785197149043 40.80034506063932),113,Harlem River Bridges,Triborough Bridge (Manhattan span),midpoint,,N,5/10/2007,17,35,5/5/2007,34,9/27/2007,11,44,10/6/2007,24,5/7/2008,30,44,5/10/2008,16,09/25/08,30,200,09/27/08,23,2005-06-09,37,44,05/23/09,23,09/29/09,20,174,09/26/09,66,05/13/10,12,39,2005-01-10,55,09/21/10,36,205,2010-02-10,64,05/19/11,10,45,2005-07-11,11,09/20/11,7,119,2010-01-11,39,2006-06-12,26,21,2006-09-12,49,9/11/2012,6,33,09/15/2012,15,2005-02-13,12,42,05/18/13,16,09/18/13,13,31,09/21/13,40,05/15/14,14,32,05/03/2014 07:00:00 AM +0000,10,09/23/14,21,42,09/20/14,20,05/20/15,19,36,2005-09-15,14
POINT (-73.93686603590562 40.78611224350855),114,Harlem River Bridges,Wards Island Bridge,midpoint,,N,5/10/2007,57,207,5/5/2007,71,9/26/2007,63,186,10/6/2007,149,5/7/2008,45,203,5/10/2008,113,09/25/08,80,190,09/27/08,120,2005-05-09,33,213,05/23/09,324,09/30/09,43,151,2010-10-09,173,05/13/10,37,169,2005-01-10,674,09/21/10,77,205,2010-02-10,913,2005-05-11,32,66,2005-07-11,70,09/20/11,62,189,2010-01-11,936,2006-07-12,78,249,2006-09-12,439,9/11/2012,102,460,09/15/2012,569,2005-02-13,191,455,05/18/13,435,2010-01-13,92,514,2010-05-13,594,05/15/14,164,527,05/03/2014 07:00:00 AM +0000,312,09/23/14,123,458,09/20/14,564,05/20/15,189,539,2005-09-15,312
